SK_ID_CURR,TARGET
333864,0
253018,0
360625,0
287255,0
281149,0
210727,0
121140,0
202893,0
142232,0
100409,0
167965,0
202789,0
349174,0
353115,0
310024,0
259716,0
394324,0
359987,0
231719,0
345581,0
402511,0
269632,0
311755,0
287989,0
367010,0
417341,0
245213,0
111186,0
306778,0
349274,0
453661,0
110000,0
156148,0
392641,0
341439,0
369406,0
173635,0
306717,0
182953,0
300768,0
402504,0
262643,0
209034,0
244187,0
341886,0
335997,0
117590,0
395230,0
372877,0
343921,0
284024,0
292956,0
430415,0
280980,0
407212,0
418870,0
189231,0
102003,0
397285,0
224020,0
131866,0
433831,0
361664,0
317021,0
271370,0
335444,0
387589,0
183374,0
257341,0
266095,0
420746,0
438423,0
401357,0
338083,0
195001,0
230373,0
326177,0
232219,0
158557,0
189343,0
314460,0
391837,0
235540,0
379939,0
285477,0
252079,0
446749,0
293810,0
289374,0
150110,0
308585,0
403495,0
380301,0
422562,0
269246,0
396535,0
405304,0
193813,0
187618,0
359133,0
330720,0
385553,0
291344,0
275164,0
330766,0
272248,0
230181,0
313849,0
398045,0
176269,0
184568,0
280233,0
265663,0
270190,0
109887,0
329962,0
132482,0
372558,0
179156,0
402173,0
432896,0
280113,0
378979,0
373388,0
230082,0
386579,0
250194,0
240394,0
263180,0
103050,0
383794,0
378150,0
141561,0
345311,0
272753,0
146954,0
440254,0
215815,0
345289,0
147568,0
269810,0
201749,0
231484,0
415641,0
444607,0
390825,0
452659,0
251335,0
196207,0
190403,0
296203,0
284941,0
248634,0
377046,0
409649,0
247169,0
259225,0
156641,0
211352,0
243169,0
155044,0
370822,0
420272,0
268864,0
288434,0
453292,0
421807,0
400916,0
424120,0
394102,0
309356,0
117231,0
433265,0
339076,0
383494,0
395270,0
205361,0
116861,0
430683,0
361318,0
351173,0
424669,0
260909,0
318221,0
276759,0
303421,0
296685,0
109068,0
341223,0
171553,0
344281,0
179712,0
290254,0
137778,0
305323,0
377625,0
223628,0
137559,0
260293,0
406704,0
185034,0
117604,0
312849,0
256031,0
272784,0
104038,0
105250,0
316720,0
275390,0
322520,0
150672,0
100691,0
225648,0
109398,0
388643,0
284445,0
378965,0
158091,0
444931,0
454148,0
358724,0
163704,0
426750,0
172963,0
365727,0
349402,0
433487,0
290860,0
164422,0
424991,0
385346,0
436090,0
452278,0
176630,0
266238,0
279089,0
245285,0
155256,0
181243,0
258099,0
328210,0
128417,0
234469,0
209344,0
168410,0
196296,0
397488,0
117469,0
437145,0
150353,0
255806,0
156487,0
189982,0
131904,0
337139,0
225735,0
377867,0
199482,0
187004,0
376381,0
134879,0
283337,0
105577,0
135286,0
366494,0
216328,0
135112,0
283105,0
216302,0
228949,0
391322,0
404743,0
196822,0
327708,0
204077,0
323104,0
340786,0
158003,0
395709,0
387616,0
393741,0
180997,0
270201,0
348350,0
240705,0
354179,0
227388,0
121649,0
243135,0
123109,0
327296,0
400042,0
120920,0
291670,0
442806,0
136498,0
348488,0
170311,0
372468,0
139707,0
378988,0
229317,0
232822,0
163379,0
111280,0
274918,0
276533,0
191010,0
156959,0
169354,0
405264,0
427293,0
159630,0
339692,0
344915,0
378507,0
395058,0
178890,0
421502,0
430684,0
333663,0
433544,0
339279,0
240229,0
138625,0
378514,0
162390,0
311554,0
221236,0
137794,0
137498,0
230106,0
290144,0
155611,0
230283,0
342841,0
323821,0
177927,0
176939,0
277508,0
128757,0
237860,0
345897,0
162719,0
112870,0
117543,0
294076,0
258556,0
101965,0
432632,0
227073,0
147692,0
328648,0
230734,0
369400,0
247077,0
112314,0
227215,0
332885,0
278682,0
378158,0
302359,0
306394,0
110290,0
332504,0
267888,0
208581,0
193678,0
267724,0
206031,0
453567,0
307460,0
256958,0
170610,0
246196,0
390773,0
197793,0
247081,0
174411,0
141700,0
165463,0
309908,0
228623,0
128648,0
420650,0
162756,0
267539,0
237655,0
218654,0
342542,0
264292,0
365737,0
148082,0
294692,0
251862,0
138349,0
209418,0
122941,0
224592,0
285760,0
313000,0
162640,0
261542,0
148853,0
412865,0
390063,0
347426,0
154906,0
204498,0
222696,0
308776,0
235579,0
139629,0
316240,0
167995,0
217838,0
405083,0
322679,0
300740,0
372341,0
104115,0
398102,0
427456,0
318070,0
127289,0
115782,0
334444,0
392884,0
395219,0
327513,0
126132,0
447960,0
279104,0
364981,0
434231,0
412307,0
211034,0
314514,0
116438,0
313407,0
145084,0
401760,0
363245,0
165370,0
338282,0
141776,0
310886,0
196078,0
201961,0
344086,0
323270,0
201806,0
209465,0
146103,0
109712,0
439893,0
168532,0
203107,0
183910,0
161443,0
291236,0
387473,0
228084,0
348596,0
126311,0
283803,0
183446,0
287112,0
338322,0
210468,0
112516,0
239154,0
403665,0
212724,0
374161,0
143551,0
135868,0
269022,0
277380,0
421528,0
191230,0
224463,0
174929,0
130608,0
220483,0
128877,0
153666,0
329722,0
441754,0
326887,0
106142,0
402651,0
224588,0
175825,0
347926,0
156682,0
286655,0
115374,0
146439,0
410109,0
224501,0
253784,0
257065,0
213819,0
105437,0
179571,0
432272,0
324297,0
254164,0
444463,0
127391,0
280378,0
124376,0
384785,0
145024,0
265666,0
306478,0
211429,0
126720,0
437776,0
211641,0
185885,0
202715,0
281891,0
312959,0
327935,0
148421,0
400235,0
154188,0
302971,0
428170,0
338247,0
108012,0
144693,0
125474,0
389986,0
351453,0
231661,0
174205,0
129694,0
270605,0
425879,0
367891,0
395817,0
346896,0
372615,0
446801,0
153623,0
345766,0
375313,0
323961,0
352068,0
444656,0
158096,0
272071,0
319468,0
378792,0
105910,0
266033,0
122877,0
241366,0
227852,0
435294,0
239322,0
403233,0
135332,0
454381,0
142075,0
127946,0
130752,0
132146,0
274504,0
365889,0
414909,0
220489,0
318401,0
252214,0
257830,0
433131,0
250700,0
143197,0
135547,0
273444,0
295685,0
139718,0
251153,0
448131,0
360644,0
198264,0
144141,0
223002,0
311166,0
275818,0
287377,0
256272,0
265466,0
313097,0
336850,0
193645,0
344780,0
248126,0
411437,0
146739,0
202313,0
290491,0
190293,0
237036,0
140104,0
192833,0
346622,0
138078,0
396934,0
142103,0
249634,0
282365,0
292079,0
175145,0
316242,0
286324,0
372784,0
330640,0
224702,0
270320,0
285465,0
418815,0
313431,0
437497,0
108126,0
279041,0
437340,0
187338,0
179293,0
416717,0
316981,0
302549,0
218218,0
418358,0
288128,0
355128,0
291726,0
167939,0
432996,0
168696,0
312768,0
165099,0
414968,0
210234,0
113179,0
296459,0
137837,0
239664,0
175378,0
117226,0
393551,0
361798,0
170903,0
390515,0
193285,0
153825,0
431637,0
416910,0
454394,0
421245,0
387685,0
429577,0
190847,0
284494,0
188471,0
278278,0
430611,0
368355,0
263305,0
257233,0
163019,0
358792,0
168760,0
312430,0
279136,0
363354,0
167482,0
135085,0
211065,0
190996,0
213824,0
320293,0
148487,0
109964,0
293990,0
201796,0
360408,0
128811,0
344045,0
373197,0
285157,0
450402,0
450385,0
283475,0
288742,0
176433,0
403953,0
346490,0
359676,0
300802,0
162963,0
253561,0
455768,0
221973,0
364448,0
225911,0
284273,0
412953,0
345568,0
397442,0
386702,0
124097,0
373982,0
427034,0
329777,0
150793,0
221453,0
408383,0
137442,0
145776,0
230971,0
271341,0
101765,0
203248,0
246193,0
202808,0
176698,0
124099,0
195532,0
149716,0
283907,0
193266,0
401987,0
236848,0
415394,0
389565,0
429217,0
342485,0
224487,0
435452,0
451435,0
361739,0
454011,0
136813,0
145538,0
108178,0
349446,0
293327,0
391671,0
183218,0
449282,0
117017,0
447533,0
220969,0
123636,0
159969,0
121070,0
316638,0
344848,0
212130,0
150243,0
371147,0
445827,0
165899,0
356010,0
438915,0
422273,0
377597,0
437527,0
374882,0
314759,0
258294,0
186512,0
178105,0
345162,0
268074,0
297501,0
218135,0
435474,0
389676,0
372226,0
205922,0
445254,0
434534,0
142658,0
203488,0
305395,0
327558,0
198663,0
317149,0
186582,0
287054,0
125624,0
310182,0
335216,0
301781,0
443969,0
393623,0
427177,0
240714,0
209603,0
405095,0
216934,0
349958,0
314156,0
370548,0
204762,0
433749,0
186970,0
174504,0
372933,0
187361,0
195188,0
118727,0
291184,0
243137,0
257348,0
206899,0
165163,0
287382,0
273004,0
216091,0
313440,0
442793,0
337658,0
446074,0
346065,0
337744,0
366399,0
329049,0
144441,0
152021,0
442642,0
374498,0
323811,0
237551,0
122539,0
284597,0
149712,0
252832,0
454082,0
183864,0
417115,0
240905,0
229472,0
293703,0
417817,0
432119,0
220050,0
221433,0
116401,0
266188,0
214562,0
212918,0
274779,0
349210,0
412648,0
327812,0
434665,0
134723,0
339008,0
339029,0
355615,0
168843,0
256137,0
261679,0
214521,0
182947,0
354554,0
183865,0
295475,0
409992,0
361624,0
215612,0
269833,0
205928,0
251664,0
300668,0
258145,0
367195,0
127677,0
281611,0
254234,0
298305,0
380371,0
233839,0
243885,0
313061,0
201507,0
115837,0
102032,0
283728,0
414602,0
386397,0
107326,0
326341,0
396778,0
280238,0
178940,0
153246,0
241829,0
350284,0
295935,0
385610,0
203168,0
392321,0
130409,0
111336,0
239462,0
436841,0
250475,0
354162,0
161584,0
275013,0
399541,0
449080,0
455993,0
264186,0
415660,0
170157,0
352990,0
163861,0
417690,0
183945,0
310052,0
119363,0
355193,0
445935,0
426748,0
456129,0
270534,0
302025,0
246622,0
326943,0
400367,0
100971,0
336235,0
398026,0
240795,0
144128,0
292402,0
222701,0
239507,0
129902,0
130059,0
436865,0
215027,0
140251,0
236817,0
365922,0
305457,0
376814,0
451629,0
424712,0
384389,0
404619,0
387011,0
427707,0
362182,0
312572,0
388430,0
106875,0
239006,0
310133,0
240583,0
383487,0
351921,0
222237,0
139993,0
367937,0
185692,0
437233,0
218387,0
285682,0
409095,0
403854,0
398221,0
441641,0
210884,0
164398,0
288217,0
141331,0
156695,0
164960,0
317568,0
168348,0
159183,0
302490,0
228407,0
361102,0
172002,0
250288,0
227346,0
189134,0
232191,0
155712,0
298497,0
265546,0
353806,0
401084,0
130926,0
287641,0
201309,0
276480,0
342207,0
201952,0
362643,0
453127,0
179873,0
172214,0
396431,0
318032,0
285308,0
209571,0
247830,0
119087,0
193730,0
153603,0
421400,0
375412,0
255608,0
215644,0
191796,0
429893,0
130405,0
296263,0
311287,0
251553,0
231459,0
188567,0
211598,0
424021,0
358484,0
208977,0
230405,0
132891,0
326026,0
113544,0
403423,0
320718,0
115977,0
258388,0
182998,0
128551,0
355859,0
238201,0
327028,0
362596,0
297328,0
408246,0
312708,0
286323,0
391025,0
127605,0
435178,0
193595,0
359808,0
329602,0
143972,0
424579,0
408806,0
153421,0
198935,0
169707,0
315819,0
174904,0
410412,0
336020,0
251646,0
377509,0
192041,0
245128,0
236628,0
266964,0
363621,0
333947,0
302595,0
409030,0
222117,0
300603,0
175000,0
250041,0
425033,0
128592,0
427866,0
277247,0
371742,0
264490,0
320486,0
206085,0
246655,0
166203,0
325800,0
159165,0
153763,0
396915,0
104554,0
100743,0
387343,0
120403,0
364946,0
433318,0
292011,0
314731,0
379974,0
355189,0
454004,0
123108,0
148302,0
184446,0
408561,0
324941,0
299512,0
360607,0
129478,0
232874,0
120485,0
124788,0
349527,0
417882,0
398238,0
430039,0
235432,0
128358,0
306581,0
443351,0
240894,0
226161,0
209690,0
230002,0
182827,0
402845,0
146226,0
186242,0
300549,0
216785,0
250938,0
206044,0
162327,0
306312,0
307087,0
267544,0
186199,0
345151,0
218131,0
351516,0
131074,0
362185,0
322705,0
368733,0
186850,0
134692,0
327969,0
310576,0
407383,0
284426,0
125792,0
409798,0
156683,0
394501,0
402547,0
380466,0
299010,0
213979,0
384913,0
358887,0
439565,0
153008,0
338772,0
383646,0
292845,0
207487,0
227792,0
381943,0
221882,0
244727,0
239890,0
120022,0
289939,0
249076,0
443875,0
210198,0
240270,0
225894,0
135639,0
346811,0
297942,0
223659,0
419666,0
312602,0
305023,0
214130,0
190936,0
293501,0
217583,0
344023,0
135970,0
187036,0
414986,0
150606,0
217260,0
186656,0
223089,0
268688,0
320585,0
401769,0
200691,0
296388,0
386092,0
443319,0
217212,0
336440,0
394056,0
124910,0
278428,0
421060,0
375670,0
360537,0
334727,0
277258,0
216037,0
447440,0
119933,0
153730,0
397610,0
237798,0
373910,0
219048,0
377181,0
316227,0
281269,0
220095,0
187860,0
314624,0
228883,0
113904,0
243454,0
212821,0
386460,0
157683,0
251568,0
117423,0
151653,0
276570,0
359524,0
234193,0
208010,0
321844,0
218585,0
251444,0
202242,0
159979,0
361682,0
159433,0
284882,0
170276,0
337290,0
378857,0
141108,0
262323,0
328002,0
418884,0
445265,0
154596,0
389139,0
422337,0
322953,0
337767,0
213572,0
423321,0
101266,0
219906,0
291398,0
251389,0
381706,0
417118,0
289431,0
378680,0
391435,0
399836,0
104604,0
297595,0
288952,0
430969,0
157346,0
164344,0
222532,0
203257,0
387492,0
136032,0
208836,0
255719,0
259977,0
432814,0
404529,0
282090,0
325806,0
396235,0
269187,0
274075,0
112533,0
337337,0
382646,0
429467,0
380610,0
453175,0
297262,0
208795,0
322144,0
196759,0
347027,0
241405,0
379864,0
294288,0
348308,0
448532,0
410814,0
262792,0
341985,0
286694,0
169029,0
196693,0
415206,0
316282,0
351850,0
206847,0
149171,0
143687,0
253694,0
299411,0
244528,0
144086,0
374230,0
166407,0
192094,0
395534,0
417045,0
299531,0
324835,0
241335,0
276288,0
148782,0
194460,0
134225,0
273517,0
221578,0
328515,0
214456,0
220051,0
356580,0
186949,0
388380,0
193717,0
433088,0
281649,0
169106,0
326557,0
367011,0
346533,0
323197,0
145321,0
427001,0
143491,0
204883,0
386124,0
311482,0
430723,0
395199,0
408019,0
410574,0
432168,0
116780,0
240052,0
208167,0
365382,0
163373,0
263125,0
281225,0
283809,0
256310,0
296386,0
235383,0
208976,0
375518,0
308897,0
287986,0
375587,0
278552,0
235946,0
189709,0
123604,0
131883,0
335813,0
273538,0
357978,0
231195,0
181304,0
415380,0
245816,0
320870,0
328696,0
191201,0
385233,0
123813,0
303488,0
292442,0
319241,0
346246,0
136618,0
343000,0
136741,0
297720,0
171206,0
191347,0
108359,0
273868,0
324693,0
330253,0
128230,0
358734,0
196913,0
260593,0
368472,0
428609,0
246305,0
313394,0
163029,0
303324,0
273172,0
291841,0
421309,0
120172,0
344564,0
197112,0
356617,0
320949,0
170257,0
249899,0
283027,0
403511,0
443396,0
353138,0
298991,0
307481,0
298137,0
161733,0
184513,0
364349,0
165294,0
200320,0
452584,0
212546,0
281140,0
405301,0
310144,0
173093,0
221713,0
410371,0
261337,0
172415,0
118571,0
204589,0
212901,0
240369,0
116700,0
268084,0
357839,0
251512,0
112809,0
204730,0
118006,0
249078,0
300266,0
292871,0
162825,0
316682,0
314275,0
359593,0
165893,0
176508,0
366252,0
112513,0
345602,0
316278,0
444031,0
210032,0
162453,0
144241,0
270350,0
165461,0
323828,0
414153,0
399833,0
120503,0
410215,0
179623,0
269092,0
364830,0
245875,0
327165,0
433285,0
208076,0
251070,0
434379,0
133373,0
388432,0
200322,0
195477,0
260211,0
386929,0
277240,0
452605,0
409488,0
276245,0
384845,0
275323,0
310898,0
224496,0
363706,0
208412,0
349737,0
173041,0
242466,0
269839,0
364928,0
154062,0
167577,0
418280,0
231564,0
427757,0
122950,0
342496,0
265532,0
135544,0
254853,0
251228,0
384711,0
314473,0
248112,0
290435,0
125989,0
396300,0
306072,0
364629,0
361409,0
230007,0
185078,0
357586,0
374744,0
334793,0
307763,0
224178,0
215764,0
274897,0
350784,0
325683,0
390580,0
204285,0
395505,0
355805,0
313839,0
216739,0
201567,0
302813,0
353465,0
262008,0
452221,0
317512,0
207729,0
223984,0
212563,0
205496,0
148514,0
126461,0
380272,0
242710,0
357674,0
451826,0
272509,0
121452,0
384769,0
421147,0
389833,0
364584,0
208244,0
237688,0
392150,0
268400,0
152456,0
189413,0
279600,0
311504,0
197780,0
432611,0
200834,0
413922,0
146655,0
412462,0
431643,0
184166,0
375380,0
286919,0
189378,0
427345,0
168476,0
214374,0
164689,0
351081,0
311830,0
229897,0
186611,0
300303,0
407352,0
124098,0
105762,0
403483,0
179349,0
186124,0
204933,0
339501,0
453773,0
286657,0
125608,0
374398,0
120344,0
304437,0
419090,0
340366,0
380941,0
191993,0
360202,0
191281,0
103752,0
111209,0
141145,0
368033,0
162430,0
425599,0
379478,0
334462,0
258634,0
376103,0
366280,0
281785,0
448379,0
134427,0
433041,0
152336,0
306277,0
171220,0
329141,0
216951,0
244250,0
433815,0
189913,0
245398,0
377654,0
403870,0
315077,0
259290,0
385262,0
383236,0
103100,0
287431,0
190741,0
358635,0
313626,0
413888,0
207933,0
274824,0
442823,0
403312,0
192074,0
182100,0
344492,0
175597,0
253552,0
240828,0
388485,0
294670,0
407522,0
287819,0
173962,0
445582,0
256223,0
119545,0
434087,0
258999,0
331142,0
328363,0
123979,0
117285,0
330970,0
231180,0
420682,0
163595,0
240502,0
439097,0
410559,0
196142,0
201328,0
197649,0
282156,0
100282,0
189264,0
344609,0
154867,0
279841,0
384658,0
296355,0
399068,0
209507,0
384909,0
257664,0
114628,0
295916,0
396052,0
222112,0
175179,0
452707,0
282767,0
221163,0
324418,0
412839,0
353974,0
123231,0
229768,0
348940,0
374945,0
247562,0
279208,0
256830,0
161828,0
416036,0
343814,0
237575,0
434517,0
259963,0
291305,0
455885,0
175606,0
133865,0
244197,0
190420,0
129420,0
145097,0
314700,0
335542,0
107063,0
306730,0
255578,0
248566,0
150429,0
294030,0
279917,0
316396,0
331454,0
117895,0
340107,0
380715,0
303605,0
278294,0
334905,0
217820,0
450534,0
393682,0
192662,0
389673,0
208092,0
273685,0
424424,0
430903,0
103937,0
233772,0
219739,0
129955,0
405415,0
375516,0
145653,0
302530,0
145589,0
393018,0
142445,0
143250,0
184252,0
222824,0
271157,0
120222,0
435690,0
277433,0
209426,0
325012,0
393511,0
322865,0
104227,0
110789,0
370595,0
164045,0
121067,0
305123,0
305570,0
258864,0
200719,0
276514,0
345177,0
137675,0
188700,0
396062,0
218748,0
376286,0
176610,0
299722,0
236383,0
263694,0
198329,0
398001,0
407379,0
304591,0
357538,0
324526,0
153054,0
289188,0
254626,0
452754,0
251525,0
407891,0
178212,0
361602,0
155709,0
240522,0
408647,0
328250,0
199102,0
238838,0
122091,0
184528,0
228064,0
141535,0
128473,0
348935,0
357780,0
425302,0
448901,0
397749,0
271174,0
298293,0
406558,0
209435,0
395074,0
316246,0
352268,0
376550,0
363358,0
361359,0
363010,0
358893,0
230753,0
151220,0
266043,0
159610,0
133442,0
443400,0
210480,0
447110,0
426392,0
332780,0
212310,0
160520,0
191265,0
262154,0
436656,0
151927,0
150708,0
241524,0
304024,0
189604,0
347978,0
212996,0
426908,0
226695,0
240785,0
388104,0
264852,0
218624,0
435458,0
326181,0
210927,0
231112,0
173727,0
296543,0
438475,0
377074,0
334165,0
164351,0
271668,0
211643,0
262160,0
258491,0
205041,0
275585,0
116029,0
317722,0
119759,0
182380,0
253434,0
332869,0
444438,0
253684,0
193014,0
277372,0
133648,0
256178,0
207931,0
176295,0
169640,0
319402,0
388348,0
447500,0
291716,0
440595,0
357859,0
313743,0
436570,0
352395,0
321411,0
116129,0
266616,0
407037,0
107724,0
186221,0
155040,0
170436,0
327836,0
115940,0
316569,0
217045,0
450370,0
415841,0
353440,0
273265,0
202637,0
406635,0
196722,0
276252,0
382910,0
175874,0
395506,0
314357,0
267953,0
111820,0
129903,0
214869,0
243007,0
159219,0
313352,0
390317,0
304069,0
257209,0
364949,0
117973,0
313688,0
312593,0
120814,0
451245,0
235502,0
322888,0
427202,0
177268,0
134445,0
387610,0
164114,0
121934,0
284168,0
288657,0
105938,0
442800,0
304418,0
113830,0
290266,0
169982,0
245871,0
112365,0
173508,0
399001,0
363476,0
167956,0
398996,0
450770,0
406011,0
346181,0
106480,0
362750,0
171615,0
312060,0
182238,0
324357,0
449144,0
158294,0
138865,0
150706,0
255477,0
401727,0
426273,0
105329,0
259948,0
426560,0
236089,0
311978,0
375177,0
330337,0
384637,0
301825,0
326456,0
180949,0
305718,0
101508,0
263045,0
367565,0
164288,0
103121,0
240846,0
402471,0
155631,0
297585,0
173423,0
125493,0
152773,0
387347,0
124353,0
306618,0
336505,0
116946,0
138433,0
287326,0
151980,0
286140,0
145916,0
359072,0
446383,0
315057,0
159051,0
137962,0
166293,0
211880,0
318462,0
170943,0
345413,0
131900,0
115203,0
256726,0
420592,0
375871,0
194422,0
334701,0
307315,0
373837,0
387750,0
126475,0
315978,0
120047,0
267834,0
297945,0
448108,0
318171,0
424499,0
182392,0
232550,0
392944,0
192566,0
416625,0
398836,0
231351,0
334807,0
309893,0
429453,0
136577,0
407254,0
204835,0
317859,0
395006,0
100594,0
206770,0
200235,0
118110,0
332683,0
319801,0
312765,0
402565,0
252576,0
404890,0
133845,0
147170,0
291846,0
143382,0
394678,0
161262,0
229570,0
332887,0
417147,0
297247,0
315512,0
148424,0
233812,0
127632,0
379026,0
418401,0
437239,0
178281,0
451403,0
116767,0
134973,0
267395,0
324086,0
160453,0
256429,0
209222,0
421406,0
141885,0
199934,0
327004,0
112853,0
258577,0
113324,0
284953,0
104232,0
165516,0
426826,0
286394,0
203600,0
401293,0
151390,0
427513,0
126606,0
316505,0
147638,0
210285,0
102491,0
242514,0
192282,0
104757,0
264167,0
259307,0
238487,0
382997,0
182638,0
381534,0
433477,0
242434,0
367553,0
192145,0
203820,0
186152,0
325745,0
272066,0
227479,0
274086,0
264536,0
150119,0
296420,0
324780,0
417515,0
357146,0
120579,0
179185,0
363328,0
164295,0
250414,0
149463,0
227620,0
415568,0
323735,0
234387,0
287839,0
340491,0
104439,0
289598,0
425908,0
125587,0
172747,0
240240,0
300839,0
419454,0
279163,0
204894,0
440832,0
206779,0
373762,0
284026,0
455715,0
397214,0
339297,0
229688,0
158996,0
212560,0
200779,0
256442,0
208466,0
191944,0
232844,0
277133,0
414219,0
448149,0
288941,0
394477,0
232189,0
192819,0
425688,0
349841,0
262529,0
328066,0
148857,0
309162,0
125048,0
169446,0
450972,0
169406,0
340795,0
298471,0
227322,0
404055,0
350469,0
448495,0
119701,0
401608,0
116055,0
322704,0
207525,0
164993,0
326171,0
381295,0
240459,0
402992,0
101647,0
164110,0
219361,0
229662,0
394235,0
403901,0
235970,0
275459,0
116489,0
381110,0
436823,0
189163,0
350820,0
441126,0
442523,0
155421,0
428433,0
104013,0
203385,0
251678,0
358318,0
384497,0
161449,0
123936,0
155887,0
148090,0
364080,0
300675,0
432215,0
427625,0
144175,0
214163,0
311668,0
111561,0
310603,0
308721,0
439728,0
375005,0
103510,0
256709,0
389946,0
273084,0
164336,0
380138,0
303211,0
144084,0
241598,0
125591,0
340426,0
107858,0
283865,0
328001,0
282739,0
336396,0
328452,0
225076,0
392055,0
246961,0
111596,0
208871,0
302832,0
405176,0
272037,0
172153,0
261578,0
175971,0
361015,0
375279,0
269676,0
125124,0
447537,0
288191,0
346233,0
148993,0
369854,0
217975,0
353425,0
366148,0
400496,0
142840,0
331819,0
400261,0
184125,0
216916,0
440476,0
334743,0
322508,0
219671,0
302221,0
303275,0
339384,0
170201,0
284634,0
397220,0
222789,0
335482,0
348715,0
358860,0
354675,0
209406,0
208630,0
187177,0
225482,0
110545,0
310407,0
321990,0
281332,0
152364,0
379008,0
235191,0
150971,0
197068,0
155991,0
183149,0
106663,0
185612,0
186863,0
433398,0
383951,0
200654,0
227298,0
300917,0
208251,0
111075,0
246332,0
421152,0
210640,0
225802,0
426448,0
108454,0
267713,0
415393,0
373261,0
196006,0
143935,0
388034,0
169005,0
405072,0
403537,0
430001,0
125955,0
129387,0
426699,0
163978,0
119904,0
370792,0
187960,0
313693,0
394517,0
259379,0
145099,0
362467,0
110592,0
179097,0
203481,0
381072,0
147919,0
141940,0
301054,0
140683,0
370807,0
115470,0
331850,0
306487,0
180932,0
109876,0
212219,0
326498,0
428474,0
454749,0
303385,0
165028,0
316936,0
426333,0
324947,0
325451,0
211554,0
216966,0
338384,0
402966,0
261345,0
300172,0
337839,0
382423,0
116923,0
370468,0
148676,0
189846,0
419857,0
333829,0
438945,0
287315,0
254006,0
283654,0
237796,0
372890,0
371415,0
385006,0
306362,0
360991,0
288320,0
164184,0
325131,0
321538,0
120152,0
242275,0
435570,0
407197,0
237735,0
202066,0
264749,0
297277,0
360710,0
414051,0
117097,0
222700,0
178400,0
277914,0
388415,0
449418,0
262036,0
112068,0
207207,0
373105,0
185676,0
272894,0
362764,0
150799,0
369127,0
269201,0
180681,0
110580,0
150143,0
349853,0
326403,0
439004,0
183678,0
367197,0
404945,0
196387,0
357802,0
197296,0
299734,0
309482,0
162494,0
408793,0
225436,0
443210,0
256531,0
266921,0
364749,0
253730,0
233091,0
185235,0
237609,0
332342,0
126934,0
164984,0
233989,0
406918,0
216318,0
396525,0
447856,0
427444,0
425870,0
369699,0
342903,0
185853,0
186825,0
329004,0
139455,0
203805,0
184417,0
351944,0
227317,0
151782,0
192160,0
440875,0
190225,0
272475,0
220954,0
300455,0
456067,0
176292,0
441445,0
132226,0
369829,0
125738,0
388008,0
140124,0
233952,0
423369,0
421500,0
422267,0
447369,0
297526,0
403753,0
431125,0
311302,0
404989,0
440825,0
110536,0
247789,0
105563,0
220669,0
240514,0
356408,0
343275,0
301376,0
292446,0
318871,0
291494,0
353791,0
285710,0
446402,0
390973,0
132325,0
177632,0
139315,0
284885,0
181905,0
209262,0
158316,0
442752,0
251714,0
296612,0
450046,0
402704,0
225537,0
340113,0
260043,0
304303,0
431678,0
439738,0
183008,0
226391,0
152052,0
305243,0
243144,0
275841,0
387199,0
190839,0
135459,0
354166,0
116750,0
361586,0
109698,0
302407,0
387483,0
227247,0
195066,0
264602,0
450080,0
357815,0
175901,0
372683,0
176937,0
184601,0
240853,0
181528,0
450375,0
387715,0
334676,0
399787,0
267478,0
116965,0
254903,0
431572,0
305679,0
398678,0
337517,0
117809,0
324323,0
121301,0
178877,0
260896,0
341550,0
226404,0
308341,0
158506,0
234762,0
187185,0
283903,0
409726,0
308068,0
176877,0
304129,0
443393,0
237176,0
154219,0
247957,0
247357,0
280652,0
137276,0
371952,0
418098,0
455891,0
155651,0
311674,0
409655,0
249260,0
344636,0
320855,0
180417,0
153775,0
403775,0
346464,0
294105,0
300527,0
391216,0
233253,0
169442,0
441180,0
273063,0
322376,0
413217,0
261751,0
252807,0
157256,0
196780,0
256980,0
140310,0
348494,0
104229,0
393561,0
280192,0
420979,0
262603,0
332054,0
382433,0
147773,0
246937,0
202988,0
104960,0
379028,0
414188,0
419544,0
377935,0
193055,0
255898,0
345000,0
303372,0
239607,0
116230,0
318262,0
380346,0
278438,0
215295,0
121120,0
254175,0
397483,0
452111,0
348719,0
214287,0
350298,0
268555,0
442180,0
317901,0
196890,0
394033,0
399529,0
137196,0
202891,0
283525,0
196925,0
119403,0
102180,0
416794,0
167301,0
164111,0
312243,0
181735,0
428845,0
437134,0
402538,0
265818,0
173752,0
126429,0
337676,0
308432,0
303317,0
446531,0
274941,0
166992,0
271832,0
233381,0
248288,0
410114,0
434766,0
311661,0
319357,0
137018,0
151261,0
389731,0
322799,0
206346,0
153768,0
381855,0
250930,0
191316,0
177814,0
419923,0
125742,0
200600,0
103479,0
413093,0
121256,0
370680,0
348757,0
414336,0
216919,0
325203,0
452238,0
405109,0
425818,0
267571,0
332593,0
379612,0
281064,0
288845,0
105581,0
156374,0
220927,0
327685,0
345595,0
131898,0
129691,0
251968,0
340745,0
410622,0
185973,0
142155,0
208415,0
226311,0
393089,0
285816,0
400223,0
184358,0
401110,0
104763,0
242571,0
382744,0
388298,0
338311,0
282825,0
399044,0
374357,0
216631,0
224704,0
369690,0
256854,0
278846,0
424907,0
284702,0
353677,0
186347,0
400376,0
159181,0
354296,0
349115,0
218564,0
247421,0
227180,0
440106,0
284105,0
301524,0
421231,0
272286,0
110303,0
436414,0
214677,0
304548,0
453039,0
297417,0
257429,0
373735,0
314536,0
451608,0
446600,0
338243,0
165415,0
283780,0
350538,0
295845,0
433134,0
156676,0
303207,0
205272,0
279620,0
167113,0
429151,0
358717,0
446333,0
449208,0
349215,0
437118,0
157950,0
343763,0
411316,0
381625,0
435307,0
108895,0
277733,0
342895,0
441901,0
282838,0
357416,0
379983,0
206473,0
211412,0
203863,0
126670,0
193010,0
158318,0
110514,0
362155,0
397702,0
110871,0
327372,0
143549,0
237453,0
355603,0
168513,0
195147,0
155124,0
297743,0
309663,0
128618,0
370871,0
177719,0
386622,0
416556,0
411337,0
135766,0
362413,0
211826,0
194091,0
137519,0
451320,0
387422,0
119447,0
228215,0
278144,0
172968,0
226027,0
202249,0
433922,0
222759,0
452787,0
442522,0
214715,0
406608,0
403910,0
253785,0
379657,0
196982,0
311681,0
360319,0
301007,0
418954,0
297525,0
306236,0
355471,0
391293,0
398882,0
323265,0
363844,0
310645,0
344319,0
157475,0
421711,0
291209,0
388230,0
290613,0
280155,0
390236,0
124014,0
437175,0
316082,0
359525,0
450606,0
146125,0
159974,0
212297,0
430073,0
122182,0
430325,0
101036,0
227543,0
116791,0
349791,0
279724,0
304314,0
311158,0
202057,0
312394,0
249015,0
418057,0
261693,0
367185,0
240588,0
266127,0
222507,0
253333,0
202940,0
408320,0
382801,0
306083,0
351035,0
176028,0
272150,0
335383,0
118275,0
213057,0
214829,0
218523,0
108867,0
189544,0
395119,0
332025,0
327611,0
420806,0
426348,0
366435,0
263798,0
443872,0
176453,0
284065,0
378977,0
427413,0
384545,0
436916,0
234301,0
400780,0
214977,0
250543,0
184597,0
450282,0
233391,0
254727,0
245075,0
138445,0
159933,0
397499,0
387348,0
395398,0
262370,0
137933,0
257981,0
375875,0
397386,0
135957,0
293272,0
309757,0
268547,0
104970,0
153916,0
103472,0
302972,0
452814,0
248299,0
364217,0
118631,0
235953,0
357792,0
181546,0
432754,0
244725,0
141986,0
448634,0
358954,0
141407,0
353005,0
125286,0
245115,0
286261,0
313116,0
336947,0
340156,0
355322,0
148377,0
403375,0
257191,0
242813,0
252123,0
251221,0
146298,0
425569,0
407709,0
217170,0
304369,0
228181,0
385737,0
264081,0
401728,0
442271,0
439635,0
168138,0
124676,0
236449,0
199189,0
103038,0
320786,0
409834,0
368287,0
102093,0
347815,0
195806,0
110125,0
454153,0
205181,0
118013,0
385761,0
238799,0
258079,0
254408,0
452556,0
439346,0
121985,0
199164,0
166970,0
188955,0
349102,0
409997,0
141236,0
252385,0
387517,0
106246,0
309852,0
238366,0
414652,0
399364,0
440027,0
172104,0
137098,0
256672,0
329422,0
427563,0
120654,0
328056,0
307771,0
375773,0
325554,0
143896,0
246399,0
326691,0
310808,0
238444,0
446090,0
225147,0
444070,0
310938,0
339966,0
173806,0
254173,0
372078,0
127682,0
211971,0
275901,0
212900,0
409967,0
296823,0
386955,0
453437,0
342722,0
419357,0
303669,0
384739,0
140095,0
345732,0
411567,0
178713,0
374995,0
419474,0
243305,0
421118,0
123332,0
237513,0
393863,0
413962,0
378745,0
237055,0
162656,0
285258,0
418315,0
194584,0
176099,0
151810,0
409044,0
206440,0
433007,0
449099,0
424116,0
305645,0
170149,0
384495,0
388805,0
266451,0
273250,0
105573,0
395201,0
104707,0
160604,0
385801,0
172840,0
194565,0
355966,0
210407,0
230218,0
295063,0
105129,0
400217,0
416545,0
114938,0
232601,0
191344,0
276979,0
418711,0
224133,0
104370,0
316114,0
131080,0
269780,0
389283,0
261995,0
210738,0
186955,0
237238,0
223294,0
131177,0
430345,0
301925,0
161153,0
333427,0
236447,0
310915,0
154400,0
119159,0
155643,0
300828,0
341149,0
410632,0
402798,0
228990,0
153784,0
199415,0
350523,0
305398,0
289018,0
405135,0
221653,0
241692,0
226950,0
244457,0
414095,0
414249,0
296470,0
427924,0
212804,0
270683,0
263963,0
105156,0
334856,0
274296,0
167533,0
252278,0
204974,0
136225,0
423851,0
166977,0
272161,0
241512,0
120255,0
101000,0
417527,0
143672,0
337803,0
447578,0
123444,0
456055,0
438037,0
270262,0
378855,0
447774,0
222980,0
307123,0
178760,0
190933,0
325149,0
170434,0
388282,0
227572,0
412910,0
357922,0
302808,0
406959,0
216910,0
449631,0
405867,0
369517,0
444413,0
351548,0
351505,0
364027,0
386354,0
286148,0
325456,0
368947,0
139437,0
168388,0
213332,0
134164,0
232749,0
182407,0
170024,0
375846,0
385487,0
347892,0
205048,0
222613,0
110624,0
217701,0
188373,0
231762,0
285940,0
342952,0
299927,0
322243,0
196033,0
431546,0
395196,0
114797,0
281672,0
334288,0
329042,0
344643,0
152517,0
420936,0
128206,0
240783,0
247152,0
413291,0
281780,0
346629,0
116862,0
331894,0
353958,0
269747,0
297117,0
408054,0
283596,0
109724,0
192183,0
197879,0
402021,0
101982,0
214114,0
455165,0
307902,0
211579,0
357981,0
236665,0
277431,0
313210,0
317417,0
112613,0
371907,0
385500,0
307083,0
112129,0
338575,0
306224,0
199830,0
369246,0
120699,0
259541,0
370084,0
446418,0
330352,0
294148,0
212864,0
204289,0
235681,0
360195,0
314249,0
166812,0
275200,0
114070,0
364407,0
359617,0
201792,0
281713,0
302700,0
365957,0
415524,0
109569,0
312874,0
268157,0
160874,0
421184,0
385272,0
288870,0
273790,0
400279,0
258598,0
104006,0
232183,0
275246,0
332030,0
321665,0
122734,0
115562,0
398725,0
389117,0
227356,0
263321,0
392125,0
390350,0
438442,0
268592,0
143647,0
163972,0
217939,0
210248,0
101208,0
178902,0
408018,0
148601,0
207730,0
381333,0
158123,0
320418,0
276745,0
214864,0
409869,0
178926,0
131967,0
104172,0
448708,0
353862,0
305068,0
348499,0
306006,0
118891,0
418107,0
124738,0
349212,0
421465,0
191398,0
358332,0
341786,0
403039,0
271630,0
436621,0
411257,0
343362,0
337669,0
398877,0
156490,0
136132,0
454531,0
179935,0
114738,0
183187,0
325151,0
436946,0
425710,0
132233,0
264984,0
436284,0
366089,0
320139,0
225069,0
374209,0
224359,0
135004,0
277082,0
155237,0
364341,0
291029,0
172418,0
330032,0
270748,0
184098,0
420583,0
414827,0
380604,0
383730,0
341473,0
389204,0
404256,0
203891,0
341200,0
321512,0
115346,0
328838,0
186717,0
243117,0
123452,0
214945,0
278443,0
306240,0
228759,0
290124,0
245549,0
308666,0
105484,0
183822,0
231872,0
368925,0
132551,0
432039,0
141014,0
355992,0
426598,0
392382,0
384961,0
103526,0
405321,0
298200,0
313976,0
291837,0
125726,0
251035,0
281774,0
367055,0
173574,0
140903,0
447278,0
452311,0
132471,0
391624,0
128849,0
286750,0
329874,0
121093,0
263500,0
210451,0
230546,0
376113,0
172954,0
179208,0
357365,0
209853,0
265765,0
354326,0
451361,0
404133,0
166338,0
201055,0
222201,0
450222,0
429579,0
315393,0
237695,0
415153,0
234730,0
107261,0
276377,0
134220,0
192237,0
399871,0
158522,0
113392,0
159417,0
308110,0
275112,0
349017,0
400767,0
334316,0
315289,0
430318,0
416513,0
349279,0
407757,0
414128,0
164641,0
430535,0
379717,0
324351,0
337776,0
275208,0
376659,0
120481,0
387594,0
171682,0
264236,0
365867,0
180914,0
297000,0
118798,0
273154,0
366486,0
304107,0
197196,0
426552,0
159766,0
361513,0
216804,0
125282,0
104022,0
108628,0
327786,0
219146,0
144380,0
172316,0
195712,0
401789,0
310085,0
352511,0
396993,0
134986,0
409795,0
155664,0
308092,0
436682,0
217799,0
189351,0
263714,0
233861,0
332684,0
292245,0
213565,0
302986,0
354500,0
338232,0
274696,0
181421,0
351497,0
218088,0
194457,0
139016,0
207435,0
240244,0
347737,0
202406,0
267745,0
381080,0
146230,0
345474,0
326820,0
244525,0
193837,0
270913,0
448093,0
443892,0
212784,0
236577,0
207603,0
436055,0
450743,0
266352,0
230187,0
114423,0
175167,0
344044,0
175182,0
344650,0
124219,0
182856,0
412950,0
150595,0
373450,0
104633,0
236725,0
451502,0
359471,0
334277,0
235217,0
337109,0
310540,0
343807,0
153935,0
368063,0
152167,0
179101,0
172517,0
120715,0
142852,0
118182,0
374842,0
193017,0
289952,0
357506,0
385552,0
454580,0
382919,0
143845,0
132730,0
180628,0
300593,0
148778,0
451123,0
207263,0
175542,0
345865,0
204328,0
334779,0
289447,0
377225,0
204452,0
437842,0
314925,0
340054,0
414379,0
243723,0
294904,0
261177,0
129324,0
136175,0
130082,0
344766,0
448600,0
415369,0
124269,0
334982,0
237059,0
260680,0
189185,0
291698,0
151397,0
120917,0
153856,0
273431,0
257790,0
179366,0
200353,0
236721,0
272804,0
329881,0
200067,0
284958,0
131372,0
260597,0
190770,0
333495,0
455376,0
240402,0
266272,0
123341,0
259591,0
189851,0
103271,0
228959,0
224801,0
359034,0
214942,0
197223,0
202360,0
225176,0
231871,0
439604,0
307667,0
284956,0
349738,0
246251,0
435651,0
394802,0
270063,0
242387,0
109844,0
349405,0
355138,0
446553,0
383665,0
259252,0
117842,0
427557,0
180801,0
145531,0
360686,0
361851,0
193907,0
172851,0
397687,0
373680,0
255673,0
374290,0
453130,0
291585,0
160932,0
105506,0
294837,0
433322,0
158512,0
419545,0
371186,0
358207,0
132379,0
441483,0
331812,0
190470,0
429014,0
268729,0
359365,0
303618,0
438356,0
454157,0
419268,0
151878,0
444874,0
184270,0
217520,0
236832,0
206643,0
416384,0
422997,0
314660,0
276492,0
262586,0
128376,0
249509,0
299855,0
439729,0
154218,0
242861,0
259355,0
226132,0
199639,0
411861,0
252398,0
212579,0
122469,0
206005,0
190094,0
171537,0
223376,0
280018,0
381942,0
254847,0
192319,0
275865,0
382366,0
397150,0
453171,0
267630,0
381348,0
351695,0
287618,0
370503,0
189980,0
108214,0
398670,0
169246,0
230010,0
172565,0
385266,0
100599,0
196314,0
237522,0
405096,0
315465,0
181366,0
332502,0
341591,0
451135,0
311137,0
141962,0
311114,0
149800,0
222340,0
210183,0
278610,0
142371,0
323981,0
455616,0
375985,0
314632,0
332250,0
326361,0
351562,0
385648,0
254660,0
427259,0
298683,0
161421,0
355767,0
102845,0
314173,0
362939,0
429222,0
327693,0
169153,0
299436,0
451026,0
252548,0
335498,0
235213,0
168489,0
218781,0
154531,0
169724,0
237885,0
181422,0
140006,0
323846,0
357757,0
130805,0
117220,0
446221,0
243985,0
428099,0
371933,0
227226,0
324213,0
183401,0
328391,0
446747,0
345814,0
454858,0
254637,0
161873,0
438859,0
113085,0
370271,0
323572,0
399923,0
141715,0
261038,0
406295,0
189791,0
384671,0
379790,0
294279,0
307343,0
401726,0
245483,0
362144,0
387031,0
379966,0
366853,0
234736,0
381919,0
325406,0
150281,0
418473,0
125452,0
391012,0
403197,0
171401,0
377102,0
444013,0
124543,0
355937,0
348748,0
210918,0
103982,0
326507,0
431068,0
414032,0
282215,0
113907,0
263614,0
127335,0
229762,0
373370,0
162043,0
215458,0
283731,0
177723,0
448175,0
225563,0
194681,0
418121,0
277031,0
357844,0
431143,0
248701,0
274627,0
249452,0
244256,0
287844,0
226063,0
155080,0
313006,0
392189,0
106473,0
216670,0
110165,0
197803,0
108968,0
303472,0
322261,0
125903,0
346853,0
124408,0
229274,0
271798,0
200108,0
423257,0
135138,0
425277,0
418229,0
339287,0
288284,0
243044,0
231708,0
213794,0
125717,0
391452,0
189657,0
248180,0
169981,0
194513,0
308390,0
288432,0
124800,0
379613,0
350020,0
223577,0
332943,0
150443,0
451313,0
220302,0
207909,0
363133,0
222922,0
143783,0
150434,0
403642,0
416406,0
327919,0
292294,0
454224,0
345025,0
268158,0
358615,0
264230,0
437222,0
316761,0
192650,0
242542,0
194029,0
167097,0
173439,0
349740,0
175148,0
246341,0
337976,0
368264,0
257852,0
134872,0
208375,0
133581,0
259758,0
344325,0
418657,0
337955,0
166507,0
446916,0
344804,0
160244,0
141232,0
193875,0
233886,0
183164,0
355658,0
374180,0
249096,0
175323,0
100088,0
364495,0
135706,0
183567,0
141827,0
167269,0
234185,0
241169,0
314430,0
123247,0
237659,0
426452,0
351915,0
327170,0
406163,0
151865,0
243639,0
343377,0
134956,0
133155,0
446907,0
217912,0
173900,0
239956,0
210670,0
322047,0
350562,0
220399,0
324742,0
194065,0
193542,0
309117,0
315936,0
434090,0
393534,0
296175,0
130360,0
438663,0
270850,0
129144,0
325349,0
235127,0
351447,0
233782,0
317127,0
223088,0
416629,0
145649,0
207146,0
403014,0
227490,0
264355,0
100376,0
175853,0
319732,0
177537,0
370613,0
357177,0
389412,0
187560,0
183932,0
110924,0
312161,0
402675,0
260506,0
337228,0
118624,0
395789,0
191415,0
433298,0
450279,0
362873,0
293314,0
192174,0
395191,0
390792,0
165247,0
435560,0
422279,0
347202,0
308431,0
200947,0
179681,0
188177,0
338207,0
430584,0
192003,0
316819,0
192293,0
290608,0
305097,0
396633,0
421795,0
162914,0
143014,0
409670,0
138665,0
326822,0
420385,0
208089,0
123285,0
157231,0
167831,0
307761,0
111111,0
438252,0
325688,0
398435,0
173383,0
274713,0
100856,0
284048,0
118936,0
181103,0
273627,0
282430,0
377927,0
423449,0
265136,0
364061,0
380844,0
387050,0
108598,0
277166,0
195031,0
388953,0
426369,0
356892,0
220434,0
177428,0
394793,0
145717,0
371984,0
353283,0
363179,0
240580,0
100846,0
100006,0
436060,0
249852,0
271024,0
431679,0
392292,0
298898,0
298243,0
263425,0
214528,0
246160,0
195288,0
268723,0
144547,0
230609,0
123703,0
248733,0
298754,0
202841,0
341255,0
364784,0
114552,0
366127,0
318919,0
377662,0
274221,0
412365,0
352603,0
239409,0
297223,0
297331,0
170069,0
250803,0
320018,0
163366,0
426896,0
388112,0
246570,0
194910,0
225622,0
345626,0
144465,0
305048,0
406224,0
400632,0
253999,0
201104,0
298814,0
240981,0
150977,0
240322,0
399315,0
379207,0
319850,0
312780,0
190781,0
287677,0
401387,0
126323,0
137694,0
235945,0
267397,0
431717,0
320904,0
121287,0
199938,0
155163,0
190429,0
327067,0
317279,0
134403,0
186785,0
138477,0
172059,0
217346,0
255368,0
261563,0
321757,0
106586,0
276654,0
162736,0
304433,0
119233,0
201793,0
331847,0
199231,0
419600,0
224131,0
192534,0
103844,0
331180,0
201336,0
343993,0
380161,0
433846,0
333393,0
448822,0
113501,0
274199,0
301720,0
169322,0
343885,0
303623,0
393835,0
293051,0
328931,0
450938,0
381660,0
438421,0
126303,0
368138,0
102823,0
415304,0
197454,0
293497,0
370045,0
314675,0
154515,0
104163,0
214683,0
258961,0
424525,0
418421,0
409043,0
337872,0
333416,0
395034,0
314828,0
215359,0
168269,0
341661,0
321638,0
197651,0
171441,0
205121,0
259978,0
441644,0
389299,0
184806,0
153442,0
359772,0
194072,0
274819,0
425263,0
241664,0
136270,0
247449,0
452254,0
126895,0
247093,0
320238,0
405222,0
396026,0
406259,0
200833,0
172446,0
377461,0
309427,0
352743,0
244630,0
352083,0
438986,0
328950,0
262427,0
205689,0
177490,0
410617,0
439132,0
307865,0
280954,0
143776,0
295127,0
317325,0
197440,0
224563,0
225716,0
190121,0
288334,0
206060,0
447308,0
144112,0
198058,0
379077,0
396145,0
174619,0
219143,0
269487,0
192402,0
300968,0
419302,0
397522,0
325999,0
262241,0
422396,0
254249,0
405849,0
209332,0
256482,0
426138,0
377672,0
202913,0
323261,0
400226,0
404171,0
444201,0
206137,0
195582,0
115948,0
359911,0
377166,0
271731,0
369024,0
348238,0
278900,0
167730,0
244803,0
236520,0
201401,0
448461,0
377981,0
389233,0
230556,0
186380,0
276279,0
375283,0
125246,0
304625,0
349149,0
188574,0
314434,0
300508,0
248294,0
347481,0
252284,0
211916,0
395052,0
373157,0
254291,0
111039,0
377663,0
315064,0
378809,0
245069,0
276397,0
410709,0
205420,0
139826,0
117513,0
334602,0
232338,0
403005,0
217452,0
337153,0
236054,0
298190,0
381860,0
132324,0
238613,0
335520,0
281931,0
199732,0
277665,0
160942,0
307122,0
210342,0
368122,0
155929,0
127035,0
344196,0
123789,0
230808,0
416210,0
426842,0
160689,0
211057,0
177219,0
216913,0
152920,0
277922,0
133001,0
327568,0
287713,0
266870,0
397453,0
334272,0
237876,0
163627,0
104952,0
237769,0
345298,0
252011,0
150346,0
363269,0
218871,0
449191,0
375273,0
273537,0
251395,0
104565,0
309420,0
133498,0
120285,0
411136,0
194541,0
266104,0
451405,0
381698,0
322401,0
288998,0
380000,0
108856,0
199506,0
364247,0
261270,0
121918,0
421127,0
350541,0
246443,0
168141,0
282777,0
160661,0
240719,0
285970,0
130661,0
259766,0
268467,0
118505,0
137412,0
405533,0
351176,0
370761,0
108803,0
274137,0
338710,0
209531,0
159077,0
385303,0
261556,0
225534,0
356390,0
298781,0
128366,0
110447,0
377848,0
184432,0
253976,0
148239,0
308284,0
100650,0
241181,0
206790,0
378640,0
231652,0
318958,0
455447,0
350866,0
351413,0
416414,0
402121,0
385660,0
327982,0
157450,0
244404,0
259654,0
235771,0
257815,0
167445,0
336721,0
448666,0
394161,0
333516,0
415289,0
413452,0
368463,0
271167,0
227540,0
257781,0
190569,0
151904,0
157502,0
136285,0
176947,0
306673,0
183673,0
452016,0
171745,0
302825,0
327249,0
136985,0
147754,0
111305,0
114717,0
431205,0
101070,0
115648,0
318900,0
163247,0
389221,0
248343,0
435662,0
418944,0
330043,0
450273,0
119528,0
308337,0
346624,0
272236,0
201896,0
117004,0
329293,0
231629,0
292855,0
314144,0
309688,0
140947,0
395608,0
340621,0
385947,0
265654,0
237628,0
312142,0
278456,0
221524,0
354282,0
143432,0
127897,0
454666,0
327090,0
405656,0
178392,0
205421,0
303662,0
319802,0
448019,0
338393,0
276351,0
303325,0
183233,0
185720,0
364635,0
331630,0
244732,0
343540,0
333964,0
108786,0
300015,0
344944,0
205663,0
375495,0
287806,0
186480,0
184706,0
414134,0
214102,0
349585,0
448246,0
433230,0
146705,0
373723,0
345197,0
233151,0
119886,0
225983,0
129107,0
373695,0
211782,0
248220,0
309073,0
365545,0
216384,0
450277,0
320495,0
355460,0
134212,0
329921,0
346471,0
328413,0
419366,0
199910,0
390532,0
147113,0
146416,0
453095,0
116888,0
424487,0
398315,0
284116,0
220062,0
121298,0
184588,0
172513,0
444207,0
263653,0
225703,0
314529,0
391061,0
254895,0
205257,0
399206,0
138055,0
327452,0
356316,0
342349,0
401854,0
313903,0
189497,0
147266,0
265867,0
180279,0
202507,0
104774,0
128422,0
180649,0
233921,0
152419,0
109584,0
189117,0
146526,0
149825,0
301324,0
234749,0
235703,0
172086,0
131901,0
210406,0
149987,0
206098,0
191388,0
246860,0
443751,0
329228,0
351679,0
222086,0
425770,0
306186,0
354334,0
449563,0
184760,0
198455,0
157603,0
127703,0
405937,0
161288,0
378365,0
263365,0
123930,0
185371,0
363826,0
340664,0
273274,0
255284,0
113203,0
334939,0
272731,0
101852,0
192406,0
373453,0
114000,0
270164,0
198736,0
263532,0
133167,0
190131,0
135362,0
258086,0
279539,0
220073,0
370934,0
246773,0
135617,0
263859,0
453897,0
254970,0
364346,0
155722,0
162851,0
318882,0
106156,0
453193,0
101152,0
165074,0
106305,0
448575,0
448433,0
382532,0
429656,0
166633,0
213051,0
109338,0
399593,0
146843,0
137372,0
360486,0
398944,0
372962,0
419888,0
182791,0
196110,0
412324,0
251045,0
440794,0
310448,0
351286,0
298325,0
359849,0
379963,0
131524,0
164926,0
112017,0
455031,0
408254,0
261363,0
305741,0
259115,0
317609,0
226672,0
388498,0
208829,0
215604,0
419210,0
400798,0
263998,0
286414,0
259781,0
394688,0
203191,0
422768,0
424795,0
234305,0
378869,0
105267,0
199800,0
420310,0
388521,0
206310,0
185941,0
231574,0
276166,0
156037,0
157988,0
354234,0
251635,0
324513,0
346971,0
188685,0
455920,0
105421,0
377445,0
341209,0
385195,0
402890,0
102207,0
416320,0
414427,0
131276,0
162055,0
235867,0
427439,0
113803,0
145945,0
140916,0
339828,0
238384,0
181426,0
209939,0
189751,0
323144,0
303968,0
387984,0
274534,0
136353,0
444813,0
165631,0
199148,0
348184,0
138656,0
285702,0
203159,0
407396,0
345534,0
320044,0
125331,0
387102,0
256878,0
167014,0
130985,0
253425,0
113978,0
197692,0
421085,0
216073,0
300220,0
119693,0
203777,0
186449,0
166985,0
271677,0
364074,0
123500,0
412729,0
177362,0
131056,0
392397,0
120005,0
300021,0
374714,0
240593,0
273135,0
198111,0
105122,0
451293,0
423785,0
117302,0
431271,0
254186,0
342279,0
381936,0
169787,0
171572,0
455276,0
179095,0
390234,0
295437,0
263847,0
302600,0
179199,0
231587,0
346963,0
267551,0
271808,0
349028,0
392791,0
269874,0
372178,0
286738,0
376999,0
222041,0
109139,0
246670,0
184868,0
321584,0
442373,0
451348,0
325072,0
306594,0
222683,0
182113,0
352696,0
105364,0
121418,0
381983,0
283554,0
170756,0
108102,0
200582,0
117882,0
291896,0
359957,0
335235,0
372670,0
307110,0
177686,0
260539,0
185154,0
201027,0
348975,0
382221,0
161360,0
191828,0
317442,0
189464,0
396758,0
275176,0
447910,0
173350,0
256681,0
246850,0
185479,0
154440,0
200263,0
345018,0
312625,0
164360,0
169614,0
405359,0
381715,0
222259,0
217487,0
356437,0
445764,0
322874,0
325106,0
281822,0
144038,0
112553,0
293666,0
386582,0
282914,0
379590,0
282818,0
267530,0
371625,0
123228,0
224105,0
425545,0
392693,0
179354,0
231215,0
322949,0
454062,0
194412,0
250767,0
411726,0
343581,0
258200,0
341007,0
274664,0
234819,0
325914,0
336725,0
328889,0
434941,0
334622,0
343504,0
134332,0
130150,0
353747,0
379531,0
163584,0
361533,0
358088,0
142773,0
370526,0
401354,0
454387,0
168285,0
171197,0
149327,0
305006,0
371645,0
335504,0
155572,0
382645,0
145465,0
377984,0
342110,0
220739,0
299906,0
287520,0
190106,0
357777,0
360604,0
371125,0
239068,0
438643,0
253982,0
388716,0
110721,0
354372,0
143286,0
295419,0
156059,0
397206,0
120142,0
348586,0
165387,0
122934,0
247475,0
282779,0
352610,0
285965,0
121239,0
228581,0
287398,0
300590,0
273378,0
129068,0
203049,0
274917,0
391286,0
141587,0
181872,0
372429,0
249252,0
223090,0
324435,0
216194,0
141042,0
310857,0
332532,0
444198,0
114574,0
212344,0
280798,0
118955,0
350132,0
322467,0
170844,0
316187,0
210714,0
107479,0
191328,0
420140,0
296241,0
406359,0
298071,0
404817,0
101500,0
130677,0
237727,0
221249,0
383080,0
133876,0
178990,0
264477,0
433978,0
318247,0
246442,0
387470,0
157516,0
379946,0
256908,0
200431,0
351717,0
438422,0
208318,0
304213,0
419084,0
264518,0
269790,0
298971,0
140173,0
440800,0
212889,0
443160,0
421916,0
421679,0
314884,0
212649,0
125630,0
208256,0
452862,0
181782,0
295731,0
226535,0
359817,0
262436,0
100432,0
347211,0
389704,0
297324,0
301055,0
228836,0
298072,0
184047,0
358869,0
151535,0
108022,0
453278,0
440361,0
208257,0
253799,0
195864,0
345480,0
100357,0
365162,0
268070,0
381216,0
116286,0
363987,0
191389,0
288745,0
389719,0
381351,0
378789,0
106240,0
307900,0
218819,0
192831,0
449541,0
445216,0
140729,0
135071,0
271676,0
355143,0
390221,0
269409,0
208437,0
254831,0
200459,0
432829,0
105243,0
391757,0
300886,0
308407,0
131935,0
392269,0
200060,0
373415,0
200662,0
386174,0
107533,0
174956,0
215871,0
128914,0
314181,0
365517,0
158608,0
388642,0
188969,0
235616,0
361161,0
316794,0
308160,0
213354,0
259387,0
429206,0
188048,0
311431,0
291259,0
436128,0
237989,0
365273,0
414695,0
264808,0
107188,0
252891,0
277646,0
102059,0
387201,0
215172,0
176545,0
335898,0
384060,0
202377,0
242194,0
143898,0
440575,0
187707,0
335933,0
253971,0
175303,0
342035,0
287092,0
180553,0
273591,0
194486,0
127470,0
263541,0
161431,0
148192,0
296136,0
258097,0
118039,0
223513,0
138940,0
206901,0
333794,0
106829,0
227446,0
115045,0
328342,0
371339,0
265399,0
281724,0
249966,0
216043,0
268670,0
251666,0
359821,0
141930,0
436686,0
338324,0
281967,0
176182,0
257227,0
126535,0
396762,0
301676,0
381801,0
414307,0
223251,0
407859,0
191623,0
269827,0
127499,0
155894,0
102408,0
324167,0
161963,0
328420,0
199079,0
210675,0
454368,0
419405,0
403744,0
156638,0
441035,0
305924,0
445830,0
301769,0
245678,0
172568,0
102897,0
155504,0
413528,0
393245,0
151983,0
283411,0
225657,0
120216,0
280995,0
216887,0
164849,0
347011,0
352423,0
426648,0
405057,0
417808,0
147956,0
192944,0
209543,0
132418,0
302264,0
374312,0
415678,0
305389,0
372507,0
151534,0
230347,0
195391,0
186866,0
297733,0
259083,0
354450,0
223487,0
342426,0
292982,0
231506,0
436081,0
273325,0
302678,0
290163,0
381540,0
226737,0
334679,0
442140,0
146904,0
411443,0
189874,0
235128,0
191239,0
107933,0
265425,0
253315,0
252876,0
347247,0
390151,0
333018,0
175501,0
381771,0
207491,0
433126,0
125418,0
384801,0
337693,0
108430,0
119077,0
280549,0
316070,0
387397,0
405065,0
303597,0
207993,0
371623,0
157283,0
191445,0
229089,0
343791,0
269388,0
125692,0
278230,0
331309,0
123881,0
104644,0
216298,0
253159,0
204251,0
223576,0
434418,0
322608,0
244920,0
137147,0
297782,0
326659,0
390888,0
333240,0
140609,0
228882,0
439256,0
275675,0
231621,0
285633,0
263898,0
215188,0
126289,0
158172,0
151563,0
238495,0
441049,0
382316,0
290972,0
180591,0
359545,0
398972,0
206588,0
231273,0
213419,0
343926,0
162078,0
363686,0
324266,0
182490,0
325314,0
162883,0
114027,0
175973,0
165536,0
158835,0
370638,0
178372,0
288262,0
176791,0
284377,0
429728,0
453288,0
143590,0
226125,0
399615,0
113050,0
177311,0
304498,0
316956,0
210942,0
420723,0
441106,0
127998,0
438443,0
405130,0
225227,0
332114,0
241614,0
210934,0
256220,0
341694,0
107946,0
442443,0
275879,0
102152,0
344048,0
341428,0
337738,0
410654,0
178076,0
208405,0
144931,0
188285,0
307770,0
337937,0
119859,0
345408,0
143108,0
433948,0
214669,0
266307,0
310850,0
383173,0
445157,0
201655,0
351677,0
297031,0
377453,0
207490,0
117468,0
431046,0
305185,0
432426,0
428883,0
257430,0
354052,0
291783,0
389083,0
189678,0
298238,0
359507,0
264036,0
281103,0
213696,0
398688,0
320669,0
306585,0
310597,0
285096,0
275898,0
364687,0
220898,0
306338,0
318515,0
298662,0
333840,0
309437,0
406642,0
445056,0
225554,0
109989,0
324602,0
101471,0
138133,0
129060,0
370441,0
385770,0
412363,0
344274,0
167209,0
154931,0
429285,0
188275,0
443502,0
317758,0
165377,0
263258,0
204666,0
439094,0
358938,0
141394,0
124551,0
290555,0
251749,0
189091,0
443094,0
188427,0
447214,0
102290,0
226891,0
293889,0
150208,0
364506,0
119586,0
331072,0
241241,0
149136,0
294930,0
248140,0
376825,0
373892,0
393154,0
381389,0
319023,0
296677,0
214442,0
231710,0
363066,0
188643,0
184387,0
132031,0
420917,0
404255,0
106866,0
328993,0
289129,0
349670,0
347006,0
160198,0
300446,0
443025,0
380085,0
249493,0
408811,0
115126,0
384487,0
372723,0
321481,0
104965,0
442563,0
297546,0
186694,0
181188,0
186969,0
205808,0
422969,0
272855,0
343567,0
443558,0
101018,0
112135,0
280494,0
381680,0
205311,0
167087,0
239215,0
449726,0
176831,0
345066,0
409753,0
182988,0
315861,0
181763,0
262121,0
452664,0
429963,0
154207,0
134601,0
369417,0
235497,0
244712,0
107856,0
365036,0
109495,0
193755,0
149870,0
232767,0
169663,0
303003,0
142849,0
338030,0
149877,0
279531,0
249498,0
412016,0
439817,0
166505,0
231704,0
184469,0
351820,0
440922,0
140675,0
280490,0
145660,0
122345,0
333813,0
105066,0
232576,0
435031,0
298042,0
170710,0
310854,0
285961,0
153049,0
376407,0
135089,0
131953,0
308055,0
356178,0
356417,0
160967,0
334212,0
157703,0
122588,0
106221,0
367230,0
201935,0
340040,0
435707,0
248708,0
307495,0
148137,0
436246,0
320638,0
215970,0
115497,0
147045,0
180619,0
155024,0
286990,0
152069,0
305550,0
208814,0
278757,0
286040,0
160005,0
219585,0
129435,0
178768,0
123903,0
444586,0
102792,0
307270,0
379068,0
114991,0
334312,0
434056,0
344150,0
120159,0
287556,0
290621,0
358888,0
307747,0
368774,0
267169,0
337965,0
432691,0
248417,0
273616,0
284531,0
454481,0
336802,0
157401,0
203335,0
331170,0
269653,0
128511,0
348453,0
405528,0
303146,0
136438,0
289347,0
229335,0
285219,0
166727,0
169317,0
183754,0
358263,0
123624,0
316359,0
424101,0
273769,0
236291,0
154937,0
299801,0
424070,0
413998,0
218548,0
380951,0
449561,0
360500,0
291150,0
235198,0
192818,0
374877,0
108415,0
189759,0
421512,0
149595,0
351415,0
368845,0
422819,0
115431,0
265327,0
270477,0
295194,0
281144,0
433860,0
389035,0
231764,0
338989,0
333890,0
263710,0
210339,0
283914,0
383370,0
134084,0
343826,0
358497,0
203946,0
128829,0
113868,0
230898,0
220343,0
184663,0
352084,0
403843,0
438596,0
345146,0
309745,0
325723,0
398470,0
424858,0
300474,0
416112,0
194767,0
136050,0
431536,0
330984,0
125180,0
262358,0
386720,0
279916,0
425621,0
278203,0
206437,0
279602,0
348847,0
207688,0
299987,0
308287,0
184712,0
261078,0
308932,0
414181,0
294883,0
407096,0
176201,0
183837,0
257922,0
108997,0
428050,0
211514,0
151073,0
246829,0
251859,0
275637,0
237166,0
171196,0
383769,0
279845,0
334563,0
224601,0
170752,0
216709,0
393391,0
320477,0
126324,0
265700,0
188753,0
285836,0
362748,0
417050,0
319945,0
171033,0
132129,0
434016,0
153635,0
263110,0
236690,0
392611,0
426220,0
349043,0
209403,0
136786,0
164203,0
329739,0
260987,0
372896,0
449229,0
294158,0
277782,0
312839,0
449940,0
383076,0
227669,0
401936,0
371889,0
140634,0
117301,0
219546,0
179738,0
229732,0
286646,0
400162,0
298218,0
228703,0
174831,0
320420,0
246201,0
139746,0
310386,0
377545,0
362568,0
343812,0
365182,0
208626,0
222865,0
355389,0
402222,0
212875,0
224903,0
126151,0
130617,0
398416,0
103071,0
147012,0
418389,0
142071,0
288856,0
342810,0
245445,0
433238,0
372364,0
138227,0
139037,0
280964,0
124177,0
348527,0
422643,0
426729,0
448950,0
239792,0
232686,0
189443,0
443739,0
372162,0
228273,0
410810,0
274845,0
398557,0
205697,0
274272,0
100095,0
218988,0
246855,0
306432,0
127902,0
239321,0
186756,0
215008,0
313790,0
446575,0
118430,0
153454,0
136698,0
455775,0
429438,0
108724,0
168305,0
226727,0
135216,0
419129,0
330814,0
118083,0
143104,0
383574,0
307169,0
106723,0
379843,0
423350,0
220855,0
227308,0
112324,0
331486,0
326702,0
252411,0
421479,0
317869,0
155404,0
405371,0
258339,0
274232,0
209165,0
359680,0
132020,0
340744,0
320032,0
289992,0
148009,0
175181,0
108422,0
151768,0
342311,0
214725,0
254244,0
371484,0
266330,0
114344,0
381670,0
209560,0
291517,0
295928,0
315161,0
435895,0
425245,0
133988,0
239737,0
294280,0
338658,0
240050,0
135306,0
335550,0
442582,0
140179,0
258023,0
391813,0
389847,0
148516,0
202239,0
280228,0
244301,0
421830,0
264108,0
448107,0
303716,0
268895,0
294803,0
379901,0
361844,0
424804,0
393514,0
322522,0
218751,0
380575,0
255209,0
346587,0
283613,0
279785,0
231144,0
417867,0
374548,0
374421,0
104244,0
161260,0
255818,0
124383,0
193476,0
284600,0
319891,0
347215,0
436873,0
442822,0
112023,0
411318,0
176692,0
289199,0
267695,0
348610,0
279567,0
340790,0
365438,0
222260,0
290731,0
142313,0
270528,0
309054,0
214468,0
351135,0
301701,0
305780,0
409033,0
196122,0
453154,0
326378,0
363161,0
167110,0
220834,0
425839,0
132057,0
295480,0
116816,0
141917,0
271347,0
144045,0
429001,0
169349,0
273961,0
150723,0
308740,0
145929,0
188636,0
276910,0
357928,0
399828,0
282438,0
307342,0
259529,0
277792,0
233359,0
131544,0
252742,0
438078,0
136772,0
137908,0
124773,0
151120,0
275100,0
274337,0
293259,0
450175,0
183163,0
352985,0
350022,0
290147,0
117122,0
418094,0
278170,0
106183,0
290237,0
180180,0
317596,0
287681,0
139309,0
186236,0
272069,0
202119,0
242827,0
105889,0
255521,0
406096,0
251551,0
114187,0
441787,0
390720,0
123244,0
139199,0
265927,0
404744,0
155727,0
255863,0
368993,0
334455,0
115418,0
443961,0
309491,0
251779,0
245999,0
171843,0
319274,0
413068,0
163762,0
227676,0
299047,0
162035,0
145316,0
166866,0
182739,0
178084,0
320220,0
333658,0
159009,0
252139,0
113229,0
228619,0
347123,0
270654,0
101526,0
386842,0
258534,0
209907,0
136600,0
273666,0
254530,0
410271,0
320616,0
126648,0
311057,0
196144,0
351342,0
324082,0
111975,0
206205,0
287000,0
214012,0
103691,0
340569,0
375135,0
329785,0
100944,0
232945,0
244148,0
143269,0
321639,0
210299,0
448534,0
418028,0
385519,0
132945,0
297393,0
369890,0
266654,0
284312,0
187962,0
153667,0
254311,0
351266,0
207051,0
134018,0
423506,0
267063,0
361075,0
395651,0
233716,0
172736,0
326467,0
397787,0
378078,0
304235,0
298607,0
223494,0
389458,0
133383,0
248730,0
252816,0
230699,0
281596,0
187034,0
235606,0
426133,0
153020,0
354367,0
230242,0
239596,0
253234,0
269013,0
130826,0
264872,0
331955,0
349700,0
398778,0
137627,0
200967,0
392661,0
394128,0
392771,0
302299,0
389472,0
328498,0
253191,0
436666,0
125935,0
198118,0
352580,0
142607,0
409587,0
199610,0
141434,0
160956,0
261388,0
179836,0
365542,0
239974,0
191437,0
449275,0
179657,0
183250,0
177388,0
455074,0
305469,0
104086,0
213376,0
357307,0
434528,0
440120,0
355047,0
389302,0
235561,0
100041,0
309158,0
426121,0
146070,0
112290,0
134511,0
159833,0
137731,0
235380,0
304353,0
440270,0
208797,0
271640,0
425774,0
112276,0
232276,0
111476,0
363956,0
421243,0
107661,0
268965,0
196835,0
128624,0
421942,0
348923,0
367902,0
341212,0
317577,0
177321,0
271097,0
286968,0
377902,0
347687,0
398083,0
259042,0
290650,0
361507,0
185989,0
325110,0
285468,0
237110,0
291516,0
107687,0
446145,0
112320,0
108855,0
299371,0
289822,0
207831,0
194818,0
291377,0
141034,0
146151,0
157637,0
380965,0
325595,0
272088,0
421379,0
204310,0
218498,0
269074,0
444398,0
223236,0
258273,0
438972,0
246731,0
125223,0
366020,0
138042,0
191342,0
194892,0
395128,0
236601,0
451050,0
352040,0
450802,0
318738,0
230115,0
193567,0
257892,0
226360,0
100125,0
132953,0
319629,0
431398,0
253715,0
215272,0
152946,0
298189,0
351136,0
255281,0
189371,0
205144,0
313752,0
124701,0
387244,0
162729,0
347017,0
378625,0
370417,0
190879,0
214280,0
368569,0
245643,0
175494,0
406373,0
155495,0
331821,0
410516,0
412469,0
142199,0
131721,0
143439,0
261784,0
110724,0
274929,0
437694,0
204807,0
114556,0
100977,0
321998,0
168479,0
121526,0
391923,0
381349,0
109334,0
438246,0
409453,0
352492,0
424042,0
124563,0
216135,0
160136,0
370781,0
363103,0
257835,0
256576,0
446381,0
436789,0
163407,0
441903,0
205087,0
179784,0
154729,0
178052,0
298100,0
240497,0
395934,0
152393,0
402423,0
419980,0
385924,0
358612,0
373515,0
193773,0
397895,0
273662,0
422492,0
443101,0
301315,0
188732,0
344986,0
344739,0
267267,0
310152,0
450189,0
168297,0
275293,0
231833,0
298229,0
214927,0
265245,0
417715,0
154631,0
215452,0
448577,0
436919,0
266742,0
447648,0
137123,0
144054,0
292482,0
100695,0
191082,0
184492,0
127364,0
354882,0
330285,0
160156,0
222305,0
225354,0
207039,0
307638,0
402674,0
312386,0
268634,0
152902,0
219252,0
310692,0
391088,0
294089,0
314080,0
448449,0
124006,0
149839,0
253187,0
296554,0
410696,0
392750,0
199228,0
261194,0
174440,0
248786,0
445235,0
296382,0
115397,0
218575,0
282682,0
298925,0
300213,0
173631,0
341153,0
120884,0
372866,0
342046,0
406990,0
412963,0
131579,0
144016,0
302886,0
447527,0
321202,0
226906,0
436211,0
174279,0
223066,0
179340,0
331591,0
434726,0
196011,0
236121,0
308249,0
383856,0
171051,0
382201,0
315788,0
404944,0
442675,0
414148,0
162660,0
439185,0
105790,0
270693,0
421094,0
107227,0
426867,0
373593,0
139782,0
311341,0
261816,0
371754,0
369551,0
249217,0
175324,0
163968,0
297051,0
343711,0
450371,0
259916,0
352132,0
366210,0
134412,0
321520,0
387073,0
168095,0
427306,0
326769,0
438043,0
120091,0
356297,0
162497,0
269764,0
440301,0
286003,0
256734,0
108318,0
158062,0
264671,0
108207,0
263673,0
199476,0
387427,0
173822,0
402169,0
380107,0
163135,0
243719,0
192134,0
132169,0
390166,0
438637,0
225160,0
392463,0
333672,0
207903,0
313400,0
209364,0
290164,0
237037,0
234097,0
279039,0
335984,0
148397,0
194136,0
108334,0
367142,0
296611,0
425539,0
347010,0
188627,0
369196,0
346703,0
121974,0
324428,0
253306,0
271067,0
376952,0
105585,0
414757,0
132361,0
316337,0
117971,0
320878,0
314319,0
175704,0
435371,0
141554,0
121600,0
389877,0
417684,0
374090,0
205482,0
133029,0
426175,0
433851,0
302785,0
204266,0
118985,0
283949,0
293337,0
423480,0
411954,0
235671,0
443839,0
374925,0
266903,0
423814,0
335812,0
166956,0
163646,0
183182,0
228868,0
315768,0
377037,0
426240,0
433919,0
450359,0
380756,0
114215,0
131294,0
303226,0
396361,0
114955,0
105886,0
435155,0
338694,0
145414,0
431135,0
289114,0
311068,0
176185,0
137509,0
195999,0
270848,0
129378,0
130040,0
376663,0
397734,0
219483,0
383966,0
353293,0
403583,0
363083,0
439803,0
147144,0
319001,0
397016,0
333164,0
217947,0
159471,0
244642,0
300518,0
348533,0
303177,0
175141,0
314070,0
208717,0
285770,0
344959,0
102436,0
181638,0
445623,0
222684,0
202378,0
425188,0
377639,0
107077,0
393732,0
399295,0
252924,0
266512,0
198529,0
184260,0
288697,0
135789,0
371159,0
349200,0
143146,0
311589,0
154895,0
231648,0
435945,0
143087,0
430964,0
346192,0
316799,0
202297,0
167955,0
380345,0
333473,0
163927,0
307376,0
140885,0
332584,0
331511,0
143807,0
399424,0
161852,0
140777,0
267520,0
379704,0
452826,0
143218,0
212932,0
323206,0
111533,0
140935,0
264499,0
178369,0
166440,0
294121,0
364456,0
394237,0
220299,0
310231,0
167644,0
284653,0
159414,0
211128,0
230711,0
430989,0
338375,0
110613,0
297600,0
415406,0
441376,0
130132,0
326066,0
133090,0
208036,0
332116,0
322706,0
143816,0
379988,0
434254,0
253185,0
204525,0
284845,0
111055,0
193881,0
166177,0
190347,0
177128,0
280202,0
240974,0
163255,0
338238,0
235474,0
202425,0
345586,0
253456,0
266056,0
292824,0
418265,0
130350,0
405451,0
235443,0
261086,0
246517,0
268565,0
196561,0
370228,0
380886,0
310642,0
286055,0
403118,0
341751,0
274333,0
256169,0
262689,0
413883,0
210090,0
271471,0
208130,0
408954,0
118130,0
131292,0
423657,0
398115,0
140399,0
153869,0
363122,0
175785,0
437758,0
197538,0
363619,0
319808,0
322426,0
332677,0
322964,0
296362,0
175516,0
297878,0
126459,0
203346,0
220011,0
372202,0
448191,0
320492,0
179693,0
346832,0
359180,0
303765,0
246730,0
153504,0
153342,0
223936,0
275475,0
441568,0
386756,0
284900,0
227967,0
141570,0
145922,0
385100,0
227085,0
173273,0
383231,0
446681,0
274624,0
361773,0
271455,0
113317,0
427706,0
412427,0
109816,0
248060,0
407060,0
218061,0
449868,0
101733,0
109241,0
386990,0
409367,0
127780,0
152793,0
124594,0
301154,0
226701,0
207842,0
169154,0
318664,0
446239,0
392090,0
230447,0
333690,0
111623,0
394076,0
446446,0
278736,0
323622,0
388390,0
416133,0
139913,0
289037,0
433085,0
336003,0
434768,0
392510,0
412749,0
178834,0
218163,0
121866,0
315313,0
240730,0
279330,0
295513,0
283807,0
295606,0
398987,0
213416,0
264342,0
450951,0
448920,0
378397,0
359036,0
103795,0
440521,0
135039,0
245172,0
160599,0
444221,0
198325,0
445517,0
210531,0
337888,0
300485,0
307120,0
289508,0
250526,0
420539,0
107631,0
101731,0
178271,0
392335,0
374379,0
335259,0
452904,0
133425,0
275027,0
292696,0
165472,0
156596,0
378134,0
357545,0
261438,0
277982,0
380276,0
107767,0
234037,0
395472,0
191406,0
192095,0
268898,0
343646,0
330777,0
434612,0
183680,0
388092,0
119599,0
118748,0
133523,0
366481,0
286538,0
153745,0
289902,0
224312,0
343055,0
306261,0
432588,0
395227,0
280251,0
300691,0
138143,0
431275,0
362245,0
394310,0
214750,0
410246,0
173129,0
215073,0
445961,0
453777,0
119215,0
341851,0
341783,0
357479,0
356370,0
284302,0
368960,0
426912,0
304864,0
368689,0
132764,0
329796,0
169247,0
212118,0
358272,0
415054,0
231066,0
449004,0
411580,0
393422,0
443825,0
226139,0
277205,0
148819,0
245362,0
234751,0
406810,0
162311,0
237586,0
334993,0
189823,0
268254,0
178475,0
453405,0
157887,0
400692,0
437457,0
165092,0
195449,0
401276,0
248071,0
229137,0
261203,0
408120,0
185546,0
207598,0
233043,0
125348,0
321815,0
199462,0
448465,0
415320,0
225442,0
454905,0
263814,0
176808,0
187071,0
283980,0
227671,0
218814,0
283685,0
124524,0
341049,0
322496,0
143116,0
159681,0
244409,0
450775,0
241486,0
380298,0
237352,0
421303,0
444793,0
214390,0
212748,0
370528,0
336075,0
305829,0
352313,0
138721,0
104440,0
172186,0
117983,0
337163,0
156875,0
292356,0
183072,0
149477,0
377255,0
285229,0
130092,0
340935,0
374567,0
266075,0
285088,0
295910,0
258687,0
369830,0
367174,0
278195,0
285045,0
173474,0
340023,0
229299,0
290937,0
311900,0
247091,0
155422,0
411916,0
238572,0
375371,0
425217,0
295703,0
404261,0
156553,0
136948,0
108388,0
415905,0
448212,0
431268,0
309572,0
399623,0
252901,0
432189,0
423897,0
442444,0
155170,0
116648,0
305910,0
396153,0
399240,0
316067,0
382084,0
299159,0
347416,0
213243,0
304310,0
316533,0
265378,0
255828,0
362357,0
428114,0
122337,0
192070,0
115579,0
386194,0
256211,0
378962,0
367930,0
139579,0
227913,0
163289,0
431888,0
200004,0
412086,0
422542,0
269820,0
206891,0
140110,0
322175,0
383395,0
313575,0
206798,0
431452,0
157739,0
214324,0
170840,0
176968,0
206156,0
174664,0
225604,0
210581,0
218795,0
222936,0
441872,0
409740,0
300520,0
390406,0
444486,0
170577,0
422867,0
300037,0
151415,0
436911,0
185348,0
312001,0
358737,0
333560,0
100354,0
343519,0
308813,0
374812,0
137054,0
433534,0
111143,0
250732,0
435531,0
260618,0
109239,0
334416,0
292222,0
344695,0
332583,0
184837,0
417068,0
290559,0
231152,0
179732,0
321591,0
241663,0
438888,0
344595,0
174704,0
422124,0
222953,0
379722,0
455125,0
190324,0
237760,0
379558,0
313975,0
373225,0
167694,0
404141,0
221226,0
329848,0
272210,0
375414,0
120901,0
234720,0
348840,0
349331,0
387568,0
179598,0
238165,0
258232,0
333219,0
446997,0
309580,0
398948,0
386902,0
354542,0
275738,0
290866,0
442579,0
328286,0
208989,0
195939,0
275173,0
351773,0
433368,0
290208,0
288159,0
220845,0
243254,0
311992,0
360369,0
391793,0
211557,0
306892,0
100736,0
281759,0
393618,0
436435,0
407712,0
453652,0
352676,0
338027,0
415274,0
132001,0
361998,0
356068,0
401272,0
293672,0
377177,0
289236,0
383037,0
286125,0
398825,0
166272,0
311278,0
251769,0
188349,0
275115,0
386541,0
227874,0
301059,0
342407,0
241184,0
240115,0
388114,0
204520,0
137769,0
411250,0
449528,0
138192,0
376626,0
250117,0
403641,0
274262,0
337525,0
322168,0
257040,0
390998,0
212873,0
226204,0
386455,0
331546,0
138029,0
351323,0
429895,0
122139,0
389949,0
407544,0
167308,0
286606,0
319621,0
169777,0
339635,0
344824,0
299765,0
434472,0
238583,0
202562,0
164408,0
363806,0
215366,0
225117,0
298939,0
354380,0
304041,0
372189,0
289430,0
135046,0
264119,0
356388,0
315852,0
365359,0
212528,0
428769,0
294681,0
266391,0
151125,0
359915,0
297927,0
101651,0
205424,0
279004,0
178681,0
368942,0
112729,0
214603,0
127014,0
437897,0
357979,0
185407,0
288554,0
166280,0
425518,0
127071,0
284687,0
345346,0
246876,0
384700,0
322793,0
322159,0
125888,0
361611,0
320307,0
432461,0
331720,0
292811,0
252071,0
221174,0
232421,0
425185,0
415264,0
377180,0
322200,0
308227,0
108384,0
447364,0
144620,0
103225,0
145091,0
227115,0
136087,0
273365,0
182835,0
172613,0
368268,0
161039,0
378550,0
372634,0
213276,0
405922,0
207280,0
305677,0
227568,0
242261,0
384340,0
436648,0
224367,0
203030,0
406106,0
315518,0
290753,0
325256,0
200342,0
141646,0
187557,0
109314,0
104183,0
164630,0
391882,0
303157,0
174259,0
268473,0
158059,0
290676,0
344868,0
441220,0
382903,0
334268,0
447483,0
276234,0
269973,0
369162,0
447170,0
359840,0
276657,0
399908,0
132464,0
442220,0
444187,0
174408,0
413697,0
159412,0
207225,0
254862,0
400390,0
454442,0
155817,0
220337,0
389785,0
253496,0
297003,0
246803,0
239380,0
338886,0
380441,0
369780,0
312347,0
345577,0
280003,0
265434,0
136859,0
433042,0
311273,0
350336,0
178461,0
446996,0
439194,0
294970,0
156686,0
159025,0
395426,0
298575,0
262969,0
127450,0
398979,0
203316,0
164352,0
275538,0
392329,0
298090,0
327825,0
446707,0
307612,0
208496,0
156057,0
339285,0
387238,0
110479,0
293384,0
141952,0
259262,0
447143,0
423319,0
118332,0
173478,0
219551,0
155108,0
410327,0
233370,0
340642,0
282837,0
403779,0
367084,0
310214,0
233206,0
341043,0
325709,0
231595,0
219352,0
211985,0
228878,0
302539,0
221476,0
104234,0
395867,0
241660,0
131393,0
323698,0
178626,0
151008,0
130039,0
322890,0
174693,0
380289,0
354514,0
400135,0
401863,0
372385,0
280224,0
197289,0
126026,0
280461,0
259721,0
157953,0
408608,0
454132,0
109396,0
138930,0
396412,0
290678,0
163736,0
210512,0
153684,0
301566,0
298141,0
261359,0
405962,0
236174,0
209258,0
445357,0
416815,0
292653,0
371022,0
104822,0
311031,0
293040,0
275099,0
366514,0
129957,0
252503,0
382313,0
115699,0
133259,0
155207,0
332363,0
171091,0
413364,0
149192,0
311505,0
255429,0
422586,0
406948,0
161896,0
374683,0
268503,0
312195,0
445383,0
415252,0
182422,0
300677,0
301472,0
303731,0
112451,0
431658,0
388087,0
436568,0
116346,0
404080,0
180502,0
308457,0
424776,0
250812,0
175079,0
417692,0
451073,0
435750,0
221564,0
112705,0
383654,0
216383,0
401356,0
178482,0
424777,0
100120,0
380668,0
103466,0
358787,0
407650,0
297230,0
153124,0
437065,0
385253,0
300729,0
206491,0
210899,0
122799,0
383509,0
416130,0
433362,0
146144,0
394489,0
129318,0
172135,0
143326,0
131683,0
397276,0
368498,0
104947,0
380190,0
259128,0
453532,0
111530,0
293883,0
177174,0
412205,0
150942,0
183964,0
132746,0
151918,0
227269,0
397980,0
138570,0
257363,0
333216,0
167616,0
127896,0
323673,0
229586,0
223957,0
259203,0
241811,0
175932,0
316178,0
113600,0
421582,0
177407,0
419951,0
224377,0
316603,0
329948,0
150776,0
238898,0
216795,0
308720,0
221754,0
191196,0
410132,0
234107,0
353925,0
225714,0
365402,0
254022,0
119396,0
146499,0
259235,0
310087,0
256915,0
124716,0
408253,0
120627,0
336346,0
207574,0
109708,0
329137,0
226821,0
298961,0
356449,0
105927,0
408909,0
444375,0
324934,0
339538,0
437424,0
215207,0
128463,0
311947,0
325326,0
356901,0
396751,0
227309,0
290918,0
254836,0
267829,0
148971,0
258018,0
156661,0
124896,0
245762,0
371893,0
390345,0
165736,0
140450,0
137345,0
432947,0
439324,0
424681,0
209863,0
374910,0
173764,0
259497,0
164726,0
455318,0
395839,0
208022,0
315184,0
406338,0
354409,0
157708,0
350302,0
272883,0
165446,0
240330,0
338733,0
159428,0
437888,0
185275,0
325523,0
188101,0
221390,0
274722,0
169532,0
223336,0
213481,0
421696,0
408770,0
127147,0
297127,0
144379,0
372048,0
227517,0
356110,0
315243,0
399928,0
209236,0
411651,0
213330,0
229086,0
343707,0
102516,0
115534,0
429293,0
375004,0
162839,0
332776,0
454524,0
448204,0
174242,0
410729,0
284129,0
205093,0
273069,0
360276,0
220336,0
190340,0
114606,0
120754,0
432757,0
438016,0
376054,0
445690,0
192411,0
363646,0
224373,0
356411,0
371745,0
293669,0
392700,0
115108,0
111229,0
361178,0
174494,0
401328,0
211876,0
424645,0
251730,0
435427,0
452889,0
172751,0
410084,0
412537,0
273983,0
143476,0
230999,0
303297,0
242913,0
416064,0
394994,0
346448,0
405875,0
117162,0
109797,0
455260,0
371913,0
116114,0
289205,0
443605,0
188359,0
170788,0
240976,0
251190,0
455662,0
124642,0
278678,0
231294,0
214606,0
134598,0
386980,0
350783,0
146279,0
339922,0
136828,0
268469,0
202466,0
370158,0
248645,0
180467,0
277796,0
361167,0
411475,0
138734,0
418183,0
447433,0
198484,0
338277,0
277359,0
364422,0
389102,0
266241,0
337756,0
331953,0
148612,0
309752,0
221270,0
256385,0
389902,0
357597,0
111670,0
144740,0
279832,0
148331,0
419261,0
288648,0
193704,0
263392,0
371661,0
353916,0
251457,0
206600,0
120330,0
406582,0
209133,0
377673,0
384409,0
100690,0
435918,0
126605,0
238501,0
107110,0
309422,0
211685,0
384607,0
114038,0
347746,0
350767,0
434626,0
230031,0
388358,0
355027,0
151325,0
451545,0
119666,0
235427,0
281965,0
150116,0
167476,0
319564,0
329539,0
354627,0
177398,0
399009,0
359465,0
419109,0
168502,0
294145,0
443167,0
219796,0
192719,0
407050,0
375097,0
259559,0
112237,0
149292,0
410260,0
128494,0
431091,0
271012,0
174594,0
180274,0
200750,0
100780,0
327873,0
203302,0
178002,0
188708,0
135413,0
409186,0
281384,0
264283,0
214854,0
172328,0
211762,0
398918,0
285757,0
416375,0
448887,0
409666,0
112086,0
363889,0
445515,0
227709,0
345513,0
113548,0
277116,0
369232,0
358168,0
165636,0
276330,0
126282,0
115433,0
163874,0
166239,0
367676,0
364230,0
311314,0
254669,0
126085,0
436056,0
185444,0
245551,0
243660,0
432883,0
154753,0
148199,0
251657,0
222326,0
271162,0
232700,0
139176,0
304924,0
258698,0
236716,0
157026,0
317698,0
144998,0
253921,0
263343,0
386707,0
248304,0
280959,0
396798,0
105165,0
270420,0
408962,0
434942,0
335480,0
407399,0
101805,0
325148,0
172352,0
234672,0
270731,0
382492,0
163469,0
306026,0
271500,0
447820,0
435832,0
352475,0
356530,0
127248,0
222606,0
430925,0
227630,0
433654,0
331307,0
126777,0
299323,0
190971,0
233449,0
122504,0
171404,0
390342,0
428973,0
171082,0
328258,0
401970,0
365885,0
226688,0
287354,0
445026,0
159199,0
379575,0
288172,0
431094,0
435075,0
212698,0
385401,0
329797,0
145241,0
377118,0
150523,0
309533,0
116762,0
432740,0
390167,0
153715,0
135291,0
159263,0
176424,0
176462,0
332102,0
387769,0
256416,0
449733,0
302790,0
209553,0
355001,0
377105,0
272726,0
170472,0
340335,0
122824,0
151795,0
409052,0
434182,0
103608,0
449593,0
272379,0
395597,0
265475,0
337432,0
327840,0
168799,0
443671,0
437784,0
265802,0
388728,0
406483,0
339137,0
404671,0
292061,0
401085,0
179531,0
208448,0
316591,0
443152,0
143054,0
449102,0
361809,0
380367,0
435951,0
384425,0
411906,0
253774,0
353508,0
256494,0
438629,0
340469,0
126169,0
337158,0
374969,0
204917,0
345570,0
240634,0
148583,0
106999,0
317535,0
358024,0
378398,0
144358,0
194864,0
376228,0
126469,0
233674,0
428580,0
203499,0
119460,0
310225,0
323986,0
183252,0
288401,0
398154,0
187748,0
196581,0
168140,0
318313,0
320358,0
147358,0
382389,0
436417,0
101111,0
397974,0
179165,0
249929,0
202759,0
233955,0
292798,0
234330,0
234138,0
269720,0
292998,0
112204,0
178397,0
204250,0
416992,0
169039,0
277984,0
180986,0
442681,0
419933,0
172915,0
348038,0
427332,0
451476,0
259950,0
424867,0
123990,0
246090,0
113670,0
310589,0
358673,0
214393,0
206023,0
143598,0
320674,0
132400,0
317953,0
222252,0
449913,0
143852,0
343543,0
244354,0
431069,0
432203,0
300367,0
254714,0
395829,0
233794,0
348335,0
140488,0
392184,0
410435,0
423361,0
194417,0
164985,0
410399,0
258007,0
382467,0
428649,0
114246,0
188312,0
366397,0
199171,0
185970,0
389886,0
113467,0
276665,0
168392,0
305305,0
192591,0
424619,0
273110,0
144050,0
295060,0
283060,0
242429,0
190690,0
151632,0
344377,0
269426,0
409440,0
129752,0
247543,0
157631,0
437405,0
347406,0
241478,0
150254,0
192621,0
242819,0
217999,0
273227,0
213586,0
192957,0
148349,0
439935,0
319630,0
401209,0
163192,0
114813,0
345671,0
382470,0
399663,0
284832,0
263257,0
435502,0
123956,0
171542,0
213052,0
110316,0
259129,0
326897,0
372222,0
327767,0
266600,0
122430,0
312101,0
305561,0
451624,0
399742,0
194396,0
441767,0
302969,0
121364,0
215535,0
222099,0
407326,0
362184,0
144111,0
441736,0
207190,0
419723,0
324543,0
164127,0
434762,0
192926,0
339970,0
127162,0
226834,0
437177,0
175246,0
221719,0
447729,0
194114,0
348339,0
291464,0
163522,0
229698,0
235126,0
340856,0
165992,0
333066,0
268598,0
366787,0
118370,0
166154,0
433728,0
102834,0
293632,0
216291,0
149546,0
379284,0
182263,0
283009,0
450993,0
366759,0
307018,0
220884,0
102800,0
107022,0
440659,0
148078,0
278568,0
120851,0
262723,0
171987,0
357827,0
270481,0
209413,0
112953,0
332103,0
298511,0
315266,0
262894,0
214343,0
331978,0
206550,0
339280,0
400285,0
341615,0
197975,0
270130,0
399514,0
207707,0
212433,0
173882,0
215385,0
342615,0
179973,0
310695,0
346757,0
182508,0
410461,0
280876,0
261222,0
361147,0
186053,0
426620,0
208764,0
233543,0
190256,0
376624,0
206957,0
286663,0
151367,0
374815,0
174345,0
285773,0
304230,0
444306,0
208946,0
134422,0
432470,0
103291,0
419909,0
283589,0
168509,0
338905,0
208395,0
438282,0
294860,0
327319,0
328057,0
157049,0
292387,0
321103,0
226979,0
253970,0
307920,0
184001,0
369602,0
250282,0
298598,0
362170,0
385320,0
412502,0
399058,0
266428,0
336302,0
248080,0
123815,0
200940,0
236261,0
110460,0
264993,0
329660,0
366753,0
283658,0
274381,0
244503,0
404727,0
193363,0
442745,0
217979,0
354279,0
119053,0
314240,0
114647,0
261081,0
149852,0
115307,0
117079,0
178732,0
425875,0
149653,0
167643,0
338813,0
258215,0
447018,0
251945,0
254595,0
270603,0
289937,0
281933,0
395670,0
417776,0
100606,0
280897,0
259294,0
360936,0
103300,0
263815,0
363087,0
241474,0
168592,0
439396,0
261707,0
237991,0
234831,0
283989,0
115739,0
287540,0
164499,0
316069,0
373983,0
187106,0
278658,0
356114,0
431291,0
192412,0
123062,0
106059,0
317144,0
103801,0
362834,0
302091,0
241494,0
141476,0
112217,0
261123,0
110484,0
426356,0
394469,0
311811,0
109840,0
105667,0
203400,0
114580,0
275357,0
113634,0
272553,0
417099,0
230480,0
348241,0
137815,0
145404,0
116616,0
274360,0
325184,0
345504,0
426243,0
408837,0
167922,0
142411,0
112898,0
256081,0
129572,0
120353,0
129853,0
240071,0
342773,0
149933,0
171601,0
280377,0
431087,0
290818,0
414519,0
440507,0
122829,0
313266,0
156908,0
351375,0
257162,0
268287,0
154545,0
233334,0
138288,0
199007,0
108210,0
385319,0
317225,0
397510,0
247522,0
154740,0
183833,0
447939,0
134817,0
162686,0
204123,0
116572,0
364266,0
396379,0
321225,0
378193,0
409159,0
341016,0
376465,0
393420,0
435678,0
135061,0
223351,0
394109,0
374781,0
409143,0
444952,0
279378,0
243157,0
325594,0
295605,0
336654,0
145082,0
209383,0
326581,0
299782,0
206856,0
129188,0
138354,0
425809,0
394657,0
275872,0
352979,0
387919,0
423591,0
312747,0
107055,0
449316,0
233478,0
393935,0
166828,0
138033,0
169343,0
310355,0
198105,0
314533,0
374437,0
197399,0
138934,0
214060,0
198851,0
204376,0
200806,0
404589,0
134671,0
342147,0
163414,0
262509,0
315167,0
145533,0
275548,0
434629,0
306295,0
453531,0
410189,0
427935,0
419271,0
180759,0
432420,0
126063,0
277977,0
238056,0
134852,0
423118,0
394939,0
294472,0
200489,0
224948,0
236552,0
226714,0
286443,0
428430,0
293738,0
377013,0
255431,0
269793,0
146549,0
355564,0
118586,0
240747,0
423227,0
106397,0
342363,0
196333,0
171046,0
399717,0
224547,0
239043,0
391258,0
102588,0
300165,0
185202,0
448802,0
192302,0
346070,0
244633,0
204964,0
365269,0
200565,0
226752,0
256881,0
179932,0
268207,0
118265,0
270500,0
124755,0
421687,0
103192,0
153954,0
382990,0
360648,0
338227,0
283430,0
350369,0
106782,0
385944,0
128759,0
333854,0
444502,0
161362,0
440978,0
209372,0
204119,0
405506,0
349308,0
117025,0
228875,0
261647,0
144208,0
196569,0
177465,0
314195,0
225388,0
232845,0
212589,0
206898,0
361928,0
358232,0
186077,0
229307,0
312102,0
185119,0
299535,0
110948,0
299680,0
335526,0
282943,0
384325,0
426269,0
400890,0
109123,0
374964,0
387866,0
210658,0
359183,0
200888,0
255663,0
367311,0
349684,0
136604,0
150824,0
313537,0
201968,0
254307,0
243031,0
142268,0
363375,0
132705,0
182046,0
269034,0
113253,0
389791,0
369618,0
293032,0
426274,0
167399,0
252149,0
324692,0
216886,0
409964,0
311390,0
244060,0
191289,0
168779,0
333145,0
170260,0
256905,0
201496,0
177483,0
196264,0
455898,0
444650,0
412497,0
373024,0
119653,0
134758,0
281975,0
295573,0
272300,0
278092,0
258128,0
186985,0
336177,0
312031,0
322604,0
202597,0
453172,0
280533,0
153253,0
210199,0
224681,0
228300,0
104455,0
438363,0
298684,0
313188,0
180188,0
414225,0
427700,0
385811,0
101627,0
336416,0
200333,0
330048,0
368170,0
388110,0
172725,0
430420,0
343019,0
413312,0
179278,0
301276,0
209911,0
384597,0
299161,0
351341,0
442114,0
444335,0
216108,0
295003,0
415802,0
179301,0
115091,0
141553,0
417070,0
252607,0
168554,0
193305,0
116031,0
390759,0
132016,0
158615,0
224446,0
341738,0
216843,0
454735,0
169060,0
230123,0
260061,0
158860,0
388955,0
195397,0
232680,0
415429,0
276226,0
154893,0
324588,0
255637,0
386391,0
119877,0
174038,0
405432,0
431140,0
449700,0
237350,0
141324,0
397416,0
193540,0
269646,0
136553,0
296505,0
386520,0
409870,0
359233,0
312401,0
246547,0
382071,0
325633,0
381718,0
328406,0
346744,0
138468,0
113568,0
402959,0
170100,0
241905,0
252128,0
106239,0
249903,0
236013,0
217672,0
155566,0
332161,0
197848,0
328520,0
177834,0
253208,0
411857,0
391655,0
404864,0
164768,0
207547,0
253912,0
442600,0
380772,0
239150,0
422668,0
137646,0
322796,0
337541,0
429136,0
298355,0
421564,0
199031,0
179796,0
287356,0
355436,0
134848,0
327588,0
317741,0
261851,0
289450,0
209277,0
361795,0
414810,0
180372,0
140320,0
371316,0
249759,0
179847,0
356373,0
317235,0
305843,0
128395,0
235232,0
116774,0
273381,0
381218,0
110733,0
326676,0
197614,0
106505,0
426960,0
286650,0
205578,0
133378,0
295814,0
175433,0
422261,0
399322,0
365729,0
445607,0
252602,0
445041,0
264411,0
367152,0
170754,0
259103,0
453150,0
302851,0
273948,0
385941,0
416190,0
144327,0
432051,0
388077,0
341483,0
414365,0
387186,0
320862,0
168883,0
418342,0
355079,0
302770,0
386554,0
148798,0
260459,0
152133,0
124726,0
179517,0
109763,0
200562,0
378984,0
378611,0
352977,0
274394,0
400618,0
133337,0
217416,0
389427,0
107895,0
273963,0
341964,0
219437,0
272611,0
245912,0
203645,0
174382,0
118686,0
456030,0
166645,0
375351,0
418296,0
266389,0
101146,0
421697,0
328081,0
293335,0
437362,0
109896,0
160717,0
246685,0
271719,0
277485,0
192495,0
219287,0
221340,0
176349,0
175370,0
389039,0
154360,0
172728,0
452695,0
154329,0
306946,0
100717,0
443870,0
376961,0
377008,0
380293,0
128703,0
138547,0
227781,0
223858,0
347776,0
150240,0
310618,0
236776,0
413410,0
108833,0
369026,0
209172,0
204356,0
175834,0
352992,0
228952,0
238345,0
327603,0
125987,0
174281,0
287292,0
436727,0
302108,0
353967,0
379900,0
268571,0
255212,0
327330,0
383307,0
183334,0
198090,0
391030,0
329022,0
243422,0
339398,0
108785,0
216326,0
269914,0
221253,0
286227,0
389206,0
389037,0
112196,0
447487,0
411696,0
238142,0
423383,0
180815,0
122111,0
156667,0
174951,0
221954,0
299802,0
372782,0
114915,0
113415,0
288492,0
119899,0
306202,0
275061,0
120962,0
258352,0
277301,0
327647,0
411158,0
238875,0
382429,0
147846,0
433334,0
123960,0
134630,0
256767,0
175083,0
262158,0
343821,0
187841,0
150702,0
429402,0
135278,0
433742,0
173703,0
182147,0
211726,0
423253,0
204025,0
296703,0
201874,0
261013,0
233320,0
451751,0
391194,0
218390,0
128254,0
345457,0
286753,0
278190,0
425244,0
303926,0
327260,0
219408,0
275247,0
262897,0
148533,0
396461,0
120813,0
415453,0
171807,0
432388,0
268092,0
411564,0
324161,0
427805,0
302227,0
103120,0
418219,0
334637,0
432014,0
360463,0
197037,0
259306,0
427402,0
184929,0
112916,0
131410,0
289564,0
319430,0
444059,0
289963,0
199398,0
334102,0
424376,0
160304,0
337883,0
256688,0
222162,0
213078,0
283237,0
401938,0
218595,0
338158,0
209213,0
298304,0
238690,0
253919,0
285707,0
155222,0
228228,0
290840,0
355787,0
238892,0
261229,0
389956,0
360374,0
303633,0
128809,0
145397,0
431076,0
133885,0
438233,0
359373,0
400660,0
329957,0
328584,0
263588,0
178843,0
440333,0
272802,0
403415,0
324874,0
453200,0
319636,0
142961,0
339262,0
137885,0
144672,0
180790,0
190653,0
187053,0
303757,0
434039,0
139096,0
386192,0
382554,0
314349,0
215405,0
422131,0
124005,0
131833,0
209666,0
311929,0
149443,0
395567,0
108182,0
354506,0
419201,0
366903,0
307318,0
377344,0
128296,0
364454,0
302576,0
266894,0
199678,0
379591,0
397318,0
303604,0
304294,0
379257,0
338321,0
340645,0
150860,0
433887,0
415056,0
342804,0
391231,0
180177,0
291257,0
142780,0
254252,0
329104,0
422226,0
345429,0
129743,0
305986,0
202640,0
226673,0
187452,0
113925,0
382166,0
101742,0
279741,0
179345,0
202812,0
182455,0
133873,0
102335,0
121184,0
277113,0
440069,0
310673,0
171267,0
190004,0
415408,0
372300,0
130486,0
412196,0
382063,0
152309,0
392788,0
273342,0
326499,0
224276,0
124891,0
100254,0
148638,0
108011,0
276203,0
207815,0
173112,0
372278,0
147481,0
287129,0
450228,0
358940,0
414923,0
449366,0
273251,0
209650,0
260304,0
448365,0
214417,0
450816,0
393323,0
102264,0
409438,0
383711,0
380173,0
180549,0
445674,0
300684,0
416683,0
147855,0
304734,0
444190,0
278237,0
166722,0
447660,0
445995,0
374403,0
255655,0
316538,0
282901,0
138707,0
371599,0
207780,0
328403,0
199978,0
246831,0
343109,0
371649,0
199920,0
355101,0
197220,0
429764,0
302109,0
294210,0
222864,0
307863,0
286597,0
191525,0
106764,0
322375,0
378847,0
256792,0
297354,0
351744,0
186964,0
238650,0
390762,0
252658,0
446377,0
109657,0
213047,0
406439,0
117229,0
286996,0
347610,0
155263,0
394225,0
332788,0
250106,0
452438,0
233580,0
442693,0
415272,0
301052,0
206459,0
262332,0
107688,0
415423,0
262231,0
202953,0
396660,0
414694,0
372313,0
403639,0
337476,0
352622,0
384981,0
275318,0
234929,0
324155,0
390799,0
351460,0
426394,0
391933,0
210565,0
443551,0
408729,0
370336,0
129137,0
331167,0
438087,0
237030,0
171075,0
173170,0
296410,0
359117,0
413717,0
348657,0
276362,0
132156,0
293132,0
299233,0
333866,0
356018,0
241143,0
282357,0
270422,0
203174,0
418628,0
341813,0
306993,0
188100,0
358083,0
278222,0
200618,0
281648,0
435468,0
454530,0
154910,0
123589,0
210881,0
439100,0
206080,0
166832,0
146307,0
188110,0
361049,0
242854,0
233275,0
249292,0
204743,0
234571,0
230888,0
305124,0
429611,0
408867,0
414693,0
337094,0
369943,0
444557,0
168694,0
296325,0
362776,0
296636,0
449787,0
381305,0
150081,0
195833,0
329674,0
105053,0
210561,0
287742,0
220057,0
212051,0
140102,0
143951,0
355974,0
416700,0
443631,0
361530,0
329566,0
360015,0
366736,0
358727,0
334148,0
242987,0
204271,0
234950,0
336547,0
415906,0
121495,0
368370,0
392559,0
324332,0
338259,0
276547,0
276074,0
122839,0
359214,0
331689,0
175222,0
338912,0
322733,0
383727,0
376161,0
174403,0
289396,0
351730,0
414444,0
160577,0
158583,0
342392,0
179839,0
436580,0
170181,0
176673,0
403112,0
181033,0
373932,0
379198,0
252238,0
227082,0
160986,0
333556,0
302914,0
241275,0
449659,0
102454,0
311452,0
402395,0
400654,0
262295,0
179030,0
314179,0
442298,0
263155,0
196742,0
167713,0
265000,0
397020,0
426916,0
328404,0
375473,0
430666,0
239466,0
244519,0
218007,0
421904,0
257902,0
235070,0
231396,0
205206,0
329250,0
246698,0
258642,0
143243,0
437432,0
130170,0
363084,0
407455,0
410013,0
348981,0
243349,0
176334,0
222550,0
455613,0
270123,0
224352,0
326500,0
429681,0
418781,0
164514,0
131168,0
215068,0
422381,0
173489,0
225913,0
254407,0
160690,0
247418,0
144117,0
416183,0
112024,0
194968,0
118201,0
109480,0
127652,0
446192,0
151055,0
441337,0
151181,0
439959,0
385338,0
400917,0
313912,0
140942,0
410859,0
102392,0
417833,0
421720,0
423745,0
128107,0
305865,0
415458,0
238002,0
143913,0
431647,0
278942,0
242687,0
143334,0
275002,0
237105,0
238815,0
233657,0
251062,0
158323,0
454081,0
161389,0
314325,0
194080,0
245014,0
204317,0
343149,0
235199,0
417494,0
189827,0
117155,0
123479,0
347139,0
184100,0
178252,0
258428,0
415805,0
194763,0
409282,0
398174,0
173662,0
114933,0
302402,0
453485,0
248198,0
102291,0
362148,0
338346,0
453662,0
317726,0
319382,0
317267,0
130594,0
352905,0
282924,0
339507,0
305785,0
260230,0
392993,0
295974,0
194735,0
361059,0
100813,0
201229,0
422693,0
443727,0
208003,0
187654,0
303739,0
117016,0
404085,0
105443,0
319121,0
246359,0
172170,0
261817,0
364139,0
237032,0
268862,0
289462,0
216365,0
334541,0
361455,0
313826,0
336046,0
333561,0
390534,0
148021,0
373595,0
327133,0
424350,0
393913,0
423045,0
187281,0
249435,0
173544,0
162645,0
378686,0
184010,0
288689,0
259817,0
172765,0
107759,0
329784,0
172010,0
428535,0
186735,0
154621,0
277035,0
237242,0
348676,0
420050,0
158502,0
338993,0
417198,0
238093,0
332811,0
400997,0
423716,0
377942,0
434733,0
378195,0
176813,0
128633,0
370671,0
223900,0
332304,0
397035,0
208111,0
277189,0
447719,0
312274,0
114872,0
450052,0
347356,0
367886,0
347090,0
266662,0
276518,0
274259,0
239978,0
238513,0
130370,0
203395,0
452665,0
441416,0
154826,0
321491,0
412266,0
428758,0
341112,0
225228,0
153021,0
248455,0
201301,0
349691,0
353948,0
130961,0
342438,0
361387,0
125873,0
396691,0
337577,0
165807,0
425098,0
382004,0
191246,0
355285,0
326877,0
110868,0
244613,0
153481,0
101098,0
433303,0
438042,0
433365,0
274714,0
259806,0
206758,0
221942,0
223117,0
250512,0
164449,0
353216,0
307192,0
349869,0
132590,0
274440,0
302304,0
302189,0
251110,0
304634,0
197859,0
109324,0
231862,0
425273,0
368213,0
311800,0
144070,0
297892,0
198749,0
136419,0
298710,0
235247,0
330359,0
157114,0
160684,0
267244,0
401451,0
247247,0
202925,0
174862,0
166222,0
219543,0
296068,0
220602,0
241157,0
259437,0
196872,0
304568,0
428307,0
350561,0
411967,0
439083,0
356028,0
369267,0
434407,0
150636,0
298843,0
252353,0
386621,0
434368,0
238701,0
242018,0
289480,0
363501,0
401407,0
219945,0
193635,0
122694,0
142923,0
145275,0
251147,0
422399,0
298897,0
258311,0
102803,0
231380,0
280880,0
237905,0
266086,0
447643,0
451369,0
161864,0
176199,0
361208,0
201756,0
132566,0
303196,0
203856,0
330823,0
166409,0
450535,0
283553,0
138034,0
417274,0
282137,0
230735,0
129335,0
327668,0
174341,0
185372,0
385214,0
383251,0
310529,0
290510,0
389308,0
146197,0
448718,0
340818,0
440482,0
124525,0
419232,0
255625,0
178637,0
194865,0
409354,0
153959,0
199123,0
314121,0
250010,0
208508,0
229966,0
124923,0
368517,0
452371,0
143324,0
130640,0
256732,0
387741,0
191188,0
392091,0
376608,0
341104,0
235324,0
210399,0
114684,0
375632,0
451609,0
321163,0
402117,0
183175,0
209468,0
451886,0
125467,0
273275,0
166790,0
454977,0
202195,0
285885,0
391372,0
364758,0
112977,0
344687,0
249290,0
423037,0
300273,0
434139,0
433881,0
357823,0
357252,0
242080,0
166789,0
296249,0
153370,0
300427,0
447943,0
447491,0
308604,0
171442,0
414942,0
296840,0
442733,0
277107,0
158559,0
284950,0
446091,0
292343,0
412371,0
385542,0
421030,0
435484,0
319414,0
245275,0
300584,0
232962,0
375938,0
372176,0
282765,0
181906,0
264829,0
274138,0
255923,0
397303,0
323190,0
367856,0
161056,0
132886,0
118164,0
103751,0
232419,0
331157,0
359955,0
318913,0
130561,0
411847,0
248967,0
432211,0
184984,0
194115,0
373567,0
395460,0
154463,0
432713,0
285175,0
394597,0
357430,0
181625,0
425184,0
410355,0
109245,0
434511,0
255827,0
247759,0
225239,0
142987,0
231348,0
376933,0
235686,0
330754,0
104895,0
431648,0
205086,0
182296,0
287692,0
367981,0
383248,0
443661,0
426860,0
388503,0
306331,0
375851,0
378201,0
350527,0
312462,0
276912,0
367569,0
331584,0
302465,0
243427,0
239372,0
250920,0
134699,0
299551,0
216975,0
105820,0
100442,0
166485,0
325886,0
280281,0
118298,0
298412,0
141814,0
306211,0
183703,0
416640,0
111918,0
307371,0
386261,0
110220,0
199964,0
332475,0
277552,0
329646,0
382034,0
311161,0
178850,0
327662,0
428392,0
336797,0
346133,0
144551,0
208623,0
185693,0
171178,0
193669,0
279901,0
300856,0
148494,0
103823,0
433571,0
438055,0
355838,0
361270,0
142016,0
444295,0
274795,0
363820,0
206559,0
212162,0
444466,0
239896,0
180712,0
373175,0
134248,0
189102,0
363685,0
325734,0
384010,0
293331,0
367802,0
299738,0
383423,0
148045,0
314238,0
449803,0
123336,0
358119,0
145379,0
445396,0
107857,0
229948,0
355008,0
222729,0
104448,0
251944,0
358619,0
172343,0
155892,0
180249,0
368772,0
267774,0
332710,0
307211,0
318619,0
286839,0
193953,0
194869,0
410656,0
147614,0
436569,0
352639,0
247862,0
287333,0
379749,0
241123,0
264194,0
401909,0
358585,0
112657,0
401531,0
170565,0
148670,0
442615,0
335298,0
414091,0
323274,0
129037,0
380675,0
263924,0
401370,0
109438,0
335881,0
407570,0
408528,0
452607,0
250130,0
419400,0
153651,0
278724,0
285392,0
426032,0
197247,0
126072,0
303287,0
206187,0
421435,0
160110,0
394215,0
178190,0
402606,0
342516,0
185474,0
326101,0
377601,0
230479,0
416094,0
222562,0
334035,0
208727,0
174747,0
340089,0
419883,0
284231,0
182403,0
339151,0
386371,0
304415,0
170141,0
234639,0
208877,0
317589,0
115590,0
207564,0
377635,0
158389,0
103884,0
256665,0
359846,0
272256,0
335999,0
203444,0
129569,0
223005,0
347849,0
152707,0
152569,0
426082,0
348233,0
187682,0
214005,0
105094,0
325937,0
165226,0
109932,0
224290,0
266246,0
232714,0
430499,0
249085,0
280700,0
323400,0
442847,0
185811,0
359895,0
167909,0
142738,0
430646,0
446781,0
322414,0
147883,0
326285,0
115978,0
287074,0
254063,0
176857,0
261028,0
224378,0
108198,0
355983,0
224027,0
403666,0
235230,0
114338,0
111731,0
372139,0
336699,0
453789,0
242731,0
137821,0
267646,0
354662,0
411911,0
428951,0
213104,0
361571,0
435668,0
255790,0
199471,0
168132,0
409824,0
